Year,Afghanistan,Albania,Algeria,American Samoa,Andorra,Angola,Antigua and Barbuda,Argentina,,Armenia,Aruba,Australia,Austria,Azerbaijan,"Bahamas, The",Bahrain,Bangladesh,Barbados,Belarus,Belgium,Belize,Benin,Bermuda,Bhutan,Bolivia,Bosnia and Herzegovina,Botswana,Brazil,British Virgin Islands,Brunei Darussalam,Bulgaria,Burkina Faso,Burundi,Cabo Verde,Cambodia,Cameroon,Canada,Cayman Islands,Central African Republic,Chad,Channel Islands,Chile,China,Colombia,Comoros,"Congo, Dem. Rep.","Congo, Rep.",Costa Rica,Cote d'Ivoire,Croatia,Cuba,Curacao,Cyprus,Czech Republic,Denmark,Djibouti,Dominica,Dominican Republic,Ecuador,"Egypt, Arab Rep.",El Salvador,Equatorial Guinea,Eritrea,Estonia,Ethiopia,Faroe Islands,Fiji,Finland,France,French Polynesia,Gabon,"Gambia, The",Georgia,Germany,Ghana,Gibraltar,Greece,Greenland,Grenada,Guam,Guatemala,Guinea,Guinea-Bissau,Guyana,Haiti,Honduras,"Hong Kong SAR, China",Hungary,Iceland,India,Indonesia,"Iran, Islamic Rep.",Iraq,Ireland,Isle of Man,Israel,Italy,Jamaica,Japan,Jordan,Kazakhstan,Kenya,Kiribati,"Korea, Dem. People's Rep.","Korea, Rep.",Kosovo,Kuwait,Kyrgyz Republic,Lao PDR,Latvia,Lebanon,Lesotho,Liberia,Libya,Liechtenstein,Lithuania,Luxembourg,"Macao SAR, China",North Macedonia,Madagascar,Malawi,Malaysia,Maldives,Mali,Malta,Marshall Islands,Mauritania,Mauritius,Mexico,"Micronesia, Fed. Sts.",Moldova,Monaco,Mongolia,Montenegro,Morocco,Mozambique,Myanmar,Namibia,Nauru,Nepal,Netherlands,New Caledonia,New Zealand,Nicaragua,Niger,Nigeria,Northern Mariana Islands,Norway,Oman,Pakistan,Palau,Panama,Papua New Guinea,Paraguay,Peru,Philippines,Poland,Portugal,Puerto Rico,Qatar,Romania,Russian Federation,Rwanda,Samoa,San Marino,Sao Tome and Principe,Saudi Arabia,Senegal,Serbia,Seychelles,Sierra Leone,Singapore,Sint Maarten (Dutch part),Slovak Republic,Slovenia,Solomon Islands,Somalia,South Africa,South Sudan,Spain,Sri Lanka,St. Kitts and Nevis,St. Lucia,St. Martin (French part),St. Vincent and the Grenadines,Sudan,Suriname,Eswatini,Sweden,Switzerland,Syrian Arab Republic,Tajikistan,Tanzania,Thailand,Timor-Leste,Togo,Tonga,Trinidad and Tobago,Tunisia,Turkey,Turkmenistan,Turks and Caicos Islands,Tuvalu,Uganda,Ukraine,United Arab Emirates,United Kingdom,United States,Uruguay,Uzbekistan,Vanuatu,"Venezuela, RB",Vietnam,Virgin Islands (U.S.),West Bank and Gaza,"Yemen, Rep.",Zambia,Zimbabwe
1960,NA,NA,2.7,NA,NA,NA,NA,NA,,NA,NA,NA,6.6,NA,0.2,NA,NA,NA,NA,11.7,0.0,0.2,0.1,NA,NA,NA,0.0,NA,NA,NA,NA,0.3,0.2,NA,NA,0.6,40.5,NA,0.1,0.3,NA,NA,59.7,4.0,NA,NA,0.1,0.5,0.5,NA,NA,NA,NA,NA,NA,NA,NA,0.7,2.1,NA,NA,NA,NA,NA,NA,NA,0.1,5.2,62.2,NA,0.1,NA,NA,NA,1.2,NA,4.3,NA,NA,NA,1.0,NA,NA,NA,0.3,0.3,1.3,NA,0.2,37.0,NA,4.2,NA,1.9,NA,2.6,40.4,0.7,44.3,NA,NA,0.8,NA,NA,4.0,NA,NA,NA,NA,NA,NA,0.0,NA,NA,NA,NA,0.7,NA,NA,0.7,0.2,1.9,NA,NA,NA,NA,NA,NA,NA,NA,NA,NA,NA,NA,2.0,NA,NA,NA,NA,0.5,12.3,NA,5.5,0.2,0.4,4.2,NA,5.2,NA,3.7,NA,NA,0.2,NA,2.6,NA,NA,3.2,1.7,NA,NA,NA,0.1,NA,NA,NA,NA,1.0,NA,0.0,0.3,0.7,NA,NA,NA,NA,0.2,7.6,NA,12.1,NA,0.0,NA,NA,0.0,1.3,0.1,0.0,15.8,9.5,0.9,NA,NA,2.8,NA,0.1,NA,0.5,NA,NA,NA,NA,NA,0.4,NA,NA,73.2,543.3,NA,NA,NA,7.8,NA,NA,NA,NA,0.7,1.1
1961,NA,NA,2.4,NA,NA,NA,NA,NA,,NA,NA,NA,7.3,NA,0.2,NA,NA,NA,NA,12.4,0.0,0.2,0.1,NA,NA,NA,0.0,NA,NA,NA,NA,0.4,0.2,NA,NA,0.7,40.9,NA,0.1,0.3,NA,NA,50.1,4.5,NA,NA,0.2,0.5,0.6,NA,NA,NA,NA,NA,NA,NA,NA,0.7,1.8,NA,NA,NA,NA,NA,NA,NA,0.1,5.9,67.5,NA,0.2,NA,NA,NA,1.3,NA,5.0,NA,NA,NA,1.1,NA,NA,NA,0.3,0.4,1.4,NA,0.3,39.2,NA,4.4,NA,2.1,NA,3.1,44.8,0.7,53.5,NA,NA,0.8,NA,NA,2.4,NA,NA,NA,NA,NA,NA,0.0,NA,NA,NA,NA,0.7,NA,NA,0.7,0.2,1.9,NA,NA,NA,NA,0.2,NA,NA,NA,NA,NA,NA,NA,2.0,NA,NA,NA,NA,0.5,13.5,NA,5.7,0.2,0.5,4.5,NA,5.6,NA,4.1,NA,NA,0.2,NA,2.9,NA,NA,3.4,1.9,NA,NA,NA,0.1,NA,NA,NA,NA,1.1,NA,0.0,0.3,0.8,NA,NA,NA,NA,0.2,8.0,NA,13.8,NA,0.0,NA,NA,0.0,1.4,0.1,0.0,17.2,10.7,0.9,NA,NA,3.0,NA,0.1,NA,0.6,NA,NA,NA,NA,NA,0.4,NA,NA,77.7,563.3,NA,NA,NA,8.2,NA,NA,NA,NA,0.7,1.1
1962,0.5,NA,2.0,NA,NA,NA,NA,NA,,NA,NA,19.9,7.8,NA,0.2,NA,5.1,NA,NA,13.3,0.0,0.2,0.1,NA,0.4,NA,0.0,NA,NA,NA,NA,0.4,0.2,NA,0.7,0.7,42.2,NA,0.1,0.4,NA,5.4,47.2,5.0,NA,NA,0.2,0.5,0.6,NA,NA,NA,NA,NA,NA,NA,NA,0.8,1.5,NA,NA,0.0,NA,NA,NA,NA,0.1,6.3,75.6,NA,0.2,NA,NA,NA,1.4,NA,5.2,NA,NA,NA,1.1,NA,NA,0.2,0.3,0.4,1.6,NA,0.3,42.2,NA,4.7,2.0,2.3,NA,2.5,50.4,0.8,60.7,NA,NA,0.9,NA,NA,2.8,NA,NA,NA,NA,NA,NA,0.0,NA,NA,NA,NA,0.7,NA,NA,0.7,0.2,2.0,NA,NA,NA,NA,0.2,NA,15.2,NA,NA,NA,NA,NA,2.4,NA,NA,NA,NA,0.6,14.6,NA,6.1,0.3,0.5,4.9,NA,6.1,NA,4.3,NA,0.7,0.3,NA,3.3,4.4,NA,3.7,2.1,NA,NA,NA,0.1,NA,NA,NA,NA,1.1,NA,0.0,0.3,0.8,NA,NA,NA,NA,0.2,8.5,NA,16.1,1.4,0.0,NA,NA,0.0,1.5,0.1,0.0,18.7,11.9,1.1,NA,NA,3.3,NA,0.1,NA,0.6,NA,8.9,NA,NA,NA,0.4,NA,NA,81.2,605.1,1.7,NA,NA,8.9,NA,NA,NA,NA,0.7,1.1
1963,0.8,NA,2.7,NA,NA,NA,NA,NA,,NA,NA,21.5,8.4,NA,0.2,NA,5.3,NA,NA,14.3,0.0,0.3,0.1,NA,0.5,NA,0.0,NA,NA,NA,NA,0.4,0.2,NA,0.7,0.7,45.0,NA,0.1,0.4,NA,5.7,50.7,4.8,NA,NA,0.2,0.5,0.8,NA,NA,NA,NA,NA,NA,NA,NA,0.9,1.8,NA,NA,0.0,NA,NA,NA,NA,0.1,6.9,84.8,NA,0.2,NA,NA,NA,1.5,NA,5.9,NA,NA,NA,1.3,NA,NA,0.2,0.3,0.4,1.9,NA,0.3,48.4,NA,4.9,2.0,2.4,NA,3.0,57.7,0.8,69.5,NA,NA,0.9,NA,NA,4.0,NA,NA,NA,NA,NA,NA,0.0,NA,NA,NA,NA,0.8,NA,NA,0.8,0.2,2.5,NA,NA,NA,NA,0.2,NA,17.0,NA,NA,NA,NA,NA,2.7,NA,NA,NA,NA,0.5,15.9,NA,6.6,0.3,0.6,5.2,NA,6.5,NA,4.6,NA,0.7,0.3,NA,3.6,4.9,NA,3.9,2.3,NA,NA,NA,0.1,NA,NA,NA,NA,1.1,NA,0.0,0.3,0.9,NA,NA,NA,NA,0.2,9.4,NA,19.1,1.2,0.0,NA,NA,0.0,1.6,0.1,0.1,20.2,13.1,1.2,NA,NA,3.5,NA,0.1,NA,0.7,NA,10.4,NA,NA,NA,0.5,NA,NA,86.6,638.6,1.5,NA,NA,9.8,NA,NA,NA,NA,0.7,1.2
1964,0.8,NA,2.9,NA,NA,NA,NA,NA,,NA,NA,23.8,9.2,NA,0.3,NA,5.4,NA,NA,16.0,0.0,0.3,0.1,NA,0.5,NA,0.0,NA,NA,NA,NA,0.4,0.3,NA,0.8,0.8,49.4,NA,0.1,0.4,NA,6.0,59.7,6.0,NA,NA,0.2,0.5,0.9,NA,NA,NA,NA,NA,NA,NA,NA,1.0,2.2,NA,NA,0.0,NA,NA,NA,NA,0.1,7.8,94.0,NA,0.2,NA,NA,NA,1.7,NA,6.7,NA,NA,NA,1.3,NA,NA,0.2,0.3,0.5,2.2,NA,0.4,56.5,NA,5.4,2.3,2.8,NA,3.4,63.2,0.9,81.7,NA,NA,1.0,NA,NA,3.5,NA,NA,NA,NA,NA,NA,0.1,NA,NA,NA,NA,0.9,NA,NA,0.8,0.2,2.7,NA,NA,NA,NA,0.2,NA,20.1,NA,NA,NA,NA,NA,2.8,NA,NA,NA,NA,0.5,18.7,NA,7.3,0.3,0.6,5.6,NA,7.2,NA,5.2,NA,0.8,0.3,NA,4.4,5.3,NA,4.2,2.6,NA,NA,NA,0.1,NA,NA,NA,NA,1.2,NA,0.0,0.4,0.9,NA,NA,NA,NA,0.2,10.4,NA,21.3,1.3,0.0,NA,NA,0.0,1.6,0.1,0.1,22.5,14.5,1.3,NA,NA,3.9,NA,0.2,NA,0.7,NA,11.2,NA,NA,NA,0.6,NA,NA,94.4,685.8,2.0,NA,NA,8.1,NA,NA,NA,NA,0.8,1.2
1965,1.0,NA,3.1,NA,NA,NA,NA,NA,,NA,NA,25.9,10.0,NA,0.3,NA,5.9,NA,NA,17.4,0.0,0.3,0.1,NA,0.6,NA,0.0,NA,NA,0.1,NA,0.4,0.2,NA,0.9,0.8,54.5,NA,0.2,0.4,NA,6.0,70.4,5.8,NA,NA,0.2,0.6,0.9,NA,NA,NA,NA,NA,NA,NA,NA,0.9,2.4,4.9,0.9,0.1,NA,NA,NA,NA,0.1,8.6,101.5,0.2,0.2,NA,NA,NA,2.1,NA,7.7,NA,NA,NA,1.3,NA,NA,0.2,0.4,0.5,2.4,NA,0.5,59.6,NA,6.2,NA,2.9,NA,3.7,68.0,1.0,91.0,0.6,NA,1.0,NA,NA,3.1,NA,2.1,NA,NA,NA,NA,0.1,NA,NA,NA,NA,0.9,NA,NA,0.8,0.2,3.0,NA,NA,NA,NA,0.3,NA,21.8,NA,NA,NA,NA,NA,2.9,NA,NA,NA,NA,0.7,21.0,0.2,5.7,0.6,0.7,5.9,NA,8.1,0.1,5.9,NA,0.9,0.3,0.4,5.2,5.8,NA,4.7,2.9,NA,NA,NA,0.1,NA,NA,NA,NA,1.2,NA,0.0,0.4,1.0,NA,NA,NA,NA,0.2,11.3,NA,24.8,1.7,0.0,NA,NA,0.0,1.7,0.2,0.1,24.8,15.3,1.5,NA,NA,4.4,NA,0.2,NA,0.7,1.0,12.0,NA,NA,NA,0.9,NA,NA,101.8,743.7,1.9,NA,NA,8.4,NA,NA,NA,NA,1.1,1.3
1966,1.4,NA,3.0,NA,NA,NA,NA,NA,,NA,NA,27.3,10.9,NA,0.3,NA,6.4,NA,NA,18.7,0.0,0.3,0.1,NA,0.7,NA,0.1,NA,NA,0.1,NA,0.4,0.2,NA,0.9,0.9,61.1,NA,0.2,0.4,NA,7.1,76.7,5.4,NA,NA,0.2,0.6,1.0,NA,NA,NA,NA,NA,11.9,NA,NA,1.0,2.4,5.3,0.9,0.1,NA,NA,NA,NA,0.2,9.2,110.0,0.2,0.2,0.0,NA,NA,2.1,NA,8.6,NA,NA,NA,1.4,NA,NA,0.2,0.4,0.5,2.5,NA,0.6,45.9,NA,6.8,NA,3.1,NA,4.0,73.7,1.1,105.6,0.7,NA,1.2,NA,NA,3.9,NA,2.4,NA,NA,NA,NA,0.1,NA,NA,NA,NA,1.0,NA,NA,0.9,0.3,3.1,NA,NA,NA,NA,0.3,NA,24.3,NA,NA,NA,NA,NA,2.9,NA,NA,NA,NA,0.9,22.9,0.2,5.9,0.6,0.7,6.4,NA,8.7,0.1,6.6,NA,0.9,0.4,0.5,6.1,6.4,NA,5.1,3.2,NA,NA,NA,0.1,NA,NA,NA,NA,1.2,NA,0.0,0.4,1.1,NA,NA,NA,NA,0.3,12.4,NA,28.7,1.8,0.0,NA,NA,0.0,1.7,0.2,0.1,27.0,16.5,1.3,NA,NA,5.3,NA,0.2,NA,0.7,1.0,14.1,NA,NA,NA,0.9,NA,NA,108.6,815.0,1.8,NA,NA,8.8,NA,NA,NA,NA,1.3,1.3
1967,1.7,NA,3.4,NA,NA,NA,NA,NA,,NA,NA,30.4,11.6,NA,0.4,NA,7.3,NA,NA,20.0,0.0,0.3,0.2,NA,0.8,NA,0.1,NA,NA,0.1,NA,0.5,0.2,NA,1.0,0.9,65.7,NA,0.2,0.4,NA,7.0,72.9,5.8,NA,NA,0.2,0.7,1.1,NA,NA,NA,NA,NA,13.1,NA,NA,1.0,2.6,5.6,1.0,0.1,NA,NA,NA,NA,0.2,9.4,119.0,0.2,0.3,0.0,NA,NA,1.7,NA,9.3,NA,NA,NA,1.5,NA,NA,0.3,0.4,0.6,2.7,NA,0.6,50.1,5.7,7.6,NA,3.3,NA,4.0,81.1,1.1,123.8,0.6,NA,1.2,NA,NA,4.9,NA,2.4,NA,NA,NA,NA,0.1,NA,NA,NA,NA,1.0,NA,NA,1.0,0.3,3.2,NA,0.3,NA,NA,0.3,NA,26.6,NA,NA,NA,NA,NA,3.0,NA,NA,NA,NA,0.8,25.1,0.2,6.0,0.7,0.7,5.2,NA,9.5,0.1,7.5,NA,1.0,0.4,0.5,6.2,6.8,NA,5.7,3.5,NA,NA,NA,0.2,NA,NA,NA,NA,1.2,NA,0.0,0.3,1.2,NA,NA,NA,0.0,0.3,13.8,NA,31.6,1.9,0.0,NA,NA,0.0,1.9,0.2,0.1,29.3,17.7,1.6,NA,NA,5.6,NA,0.2,NA,0.8,1.1,15.6,NA,NA,NA,1.0,NA,NA,113.1,861.7,1.6,NA,NA,9.3,NA,NA,NA,NA,1.4,1.4
1968,1.4,NA,3.9,NA,NA,NA,NA,NA,,NA,NA,32.7,12.4,NA,0.4,NA,7.5,NA,NA,21.4,0.0,0.3,0.2,NA,0.9,NA,0.1,NA,NA,0.2,NA,0.5,0.2,NA,1.1,1.0,71.8,NA,0.2,0.5,NA,7.2,70.8,6.0,NA,NA,0.3,0.8,1.3,NA,NA,NA,NA,NA,13.5,NA,NA,1.1,2.6,5.9,1.0,0.1,NA,NA,NA,NA,0.2,8.8,129.8,0.3,0.3,0.0,NA,NA,1.7,NA,10.1,NA,NA,NA,1.6,NA,NA,0.2,0.4,0.6,2.7,NA,0.5,53.1,7.1,8.6,2.9,3.3,NA,4.6,87.9,1.1,146.6,0.6,NA,1.4,NA,NA,6.1,NA,2.7,NA,NA,NA,NA,0.1,NA,NA,NA,NA,1.1,NA,NA,1.0,0.2,3.3,NA,0.3,NA,NA,0.3,NA,29.4,NA,NA,NA,NA,NA,3.3,NA,NA,NA,NA,0.8,27.8,0.2,5.2,0.7,0.6,5.2,NA,10.2,0.2,8.0,NA,1.1,0.5,0.5,5.7,7.6,NA,6.4,3.9,NA,NA,NA,0.2,NA,NA,NA,4.2,1.3,NA,0.0,0.3,1.4,NA,NA,NA,0.0,0.3,14.9,NA,31.5,1.8,0.0,NA,NA,0.0,1.9,0.2,0.1,31.1,18.9,1.8,NA,NA,6.1,NA,0.2,NA,0.8,1.2,17.5,NA,NA,NA,1.0,NA,NA,107.8,942.5,1.6,NA,NA,10.0,NA,NA,NA,NA,1.6,1.5
1969,1.4,NA,4.3,NA,NA,NA,NA,NA,,NA,NA,36.6,13.6,NA,0.5,NA,8.5,NA,NA,23.7,0.0,0.3,0.2,NA,0.9,NA,0.1,NA,NA,0.2,NA,0.5,0.2,NA,1.0,1.1,79.1,NA,0.2,0.5,NA,8.4,79.7,6.5,NA,NA,0.3,0.9,1.4,NA,NA,NA,NA,NA,15.4,NA,NA,1.2,3.1,6.5,1.0,0.1,NA,NA,NA,NA,0.2,10.1,141.9,0.2,0.3,0.0,NA,NA,2.0,NA,11.6,NA,NA,NA,1.7,NA,NA,0.2,0.4,0.7,3.2,NA,0.4,58.4,8.3,9.7,3.0,3.8,NA,5.3,97.1,1.2,172.2,0.7,NA,1.5,NA,NA,7.7,NA,2.8,NA,NA,NA,NA,0.1,NA,NA,NA,NA,1.2,NA,NA,1.1,0.3,3.7,NA,0.3,NA,NA,0.3,NA,32.5,NA,NA,NA,NA,NA,3.7,NA,NA,NA,NA,0.8,34.0,0.3,5.8,0.7,0.6,6.6,NA,11.1,0.2,8.7,NA,1.2,0.6,0.6,6.4,8.4,NA,7.0,4.5,NA,NA,NA,0.2,NA,NA,NA,4.5,1.2,NA,0.0,0.4,1.7,NA,NA,NA,0.0,0.3,16.8,NA,36.0,2.0,0.0,NA,NA,0.0,2.1,0.3,0.1,33.7,20.5,2.2,NA,NA,6.7,NA,0.3,NA,0.8,1.3,19.5,NA,NA,NA,1.2,NA,NA,116.5,"1,019.9",2.0,NA,NA,10.3,NA,NA,NA,NA,2.0,1.7
1970,1.7,NA,4.9,NA,0.1,NA,NA,NA,,NA,NA,41.3,1.1,NA,0.5,NA,9.0,NA,NA,0.7,0.1,0.3,0.2,NA,1.0,NA,0.1,NA,NA,0.2,NA,0.5,0.2,NA,0.7,1.2,88.0,NA,0.2,0.5,NA,9.1,92.6,7.2,NA,NA,0.3,1.0,1.5,NA,5.7,NA,NA,NA,17.1,NA,NA,1.5,2.9,8.0,1.1,0.1,NA,NA,NA,NA,0.2,1.9,22.6,0.3,0.3,0.1,NA,110.4,2.2,NA,0.0,0.1,NA,NA,1.9,NA,0.1,0.3,0.3,0.7,3.8,NA,0.5,62.4,9.2,11.0,3.3,5.6,NA,NA,0.1,1.4,212.6,0.6,NA,1.6,0.0,NA,9.0,NA,2.9,NA,NA,NA,NA,0.1,NA,NA,0.1,NA,0.0,NA,NA,1.1,0.3,3.9,NA,0.4,0.3,NA,0.3,NA,35.5,NA,NA,0.3,NA,NA,4.0,NA,NA,NA,NA,0.9,NA,0.4,NA,0.8,0.6,12.5,NA,12.8,0.3,10.0,NA,1.4,0.6,0.6,7.4,6.7,NA,0.0,5.0,0.3,NA,NA,0.2,NA,NA,NA,5.4,1.3,NA,0.0,0.4,1.9,NA,NA,NA,NA,0.3,18.4,NA,0.2,2.3,0.0,NA,NA,0.0,2.4,0.3,0.1,38.1,NA,2.1,NA,NA,7.1,NA,0.3,NA,0.8,1.4,17.1,NA,NA,NA,1.3,NA,NA,130.7,"1,073.3",2.1,NA,NA,11.6,NA,NA,NA,NA,1.8,1.9
1971,1.8,NA,5.1,NA,0.1,NA,NA,16.6,,NA,NA,45.1,1.3,NA,0.6,NA,8.8,NA,NA,0.7,0.1,0.3,0.2,NA,1.1,NA,0.1,NA,NA,0.2,NA,0.5,0.3,NA,1.0,1.2,99.3,NA,0.2,0.5,NA,10.9,99.8,7.8,NA,NA,0.3,1.1,1.6,NA,6.9,NA,NA,NA,19.1,NA,NA,1.7,2.8,8.6,1.2,0.1,NA,NA,NA,NA,0.2,2.1,25.3,0.3,0.4,0.1,NA,127.8,2.4,NA,0.0,0.1,NA,NA,2.0,NA,0.1,0.3,0.4,0.7,4.5,NA,0.7,67.4,9.3,13.7,3.9,6.5,NA,NA,0.1,1.5,240.2,0.7,NA,1.8,0.0,NA,9.9,NA,3.9,NA,NA,NA,NA,0.1,NA,NA,0.1,NA,0.0,NA,NA,1.2,0.4,4.2,NA,0.4,0.3,NA,0.3,NA,39.2,NA,NA,0.3,NA,NA,4.4,NA,NA,NA,NA,0.9,NA,0.4,7.9,0.8,0.7,9.2,NA,14.6,0.3,10.7,NA,1.5,0.7,0.7,8.3,7.4,NA,0.0,5.6,0.4,NA,NA,0.2,NA,NA,NA,7.2,1.3,NA,0.0,0.4,2.3,NA,NA,NA,0.1,0.3,20.3,NA,0.3,2.4,0.0,NA,NA,0.0,2.7,0.3,0.1,41.6,NA,2.6,NA,NA,7.4,NA,0.3,NA,0.9,1.7,16.3,NA,NA,NA,1.4,NA,NA,148.1,"1,164.9",2.8,NA,NA,13.0,NA,NA,NA,NA,1.7,2.2
1972,1.6,NA,6.8,NA,0.1,NA,NA,27.8,,NA,NA,52.0,1.6,NA,0.6,NA,6.3,NA,NA,0.9,0.1,0.4,0.2,NA,1.3,NA,0.2,NA,NA,0.3,NA,0.6,0.2,NA,0.5,1.5,113.0,NA,0.2,0.6,NA,11.9,113.7,8.7,NA,NA,0.4,1.2,1.8,NA,8.1,NA,NA,NA,23.2,NA,NA,2.0,3.2,9.3,1.3,0.1,NA,NA,NA,NA,0.3,2.5,31.0,0.3,0.4,0.1,NA,153.3,2.1,NA,0.0,0.1,NA,NA,2.1,NA,0.1,0.3,0.4,0.8,5.7,NA,0.8,71.5,11.0,17.2,4.1,8.0,NA,NA,0.1,1.9,318.0,0.8,NA,2.1,0.0,NA,10.9,NA,4.5,NA,NA,NA,NA,0.1,NA,NA,0.1,NA,0.0,NA,NA,1.3,0.4,5.0,NA,0.5,0.3,NA,0.4,NA,45.2,NA,NA,0.4,NA,NA,5.1,NA,NA,NA,NA,1.0,NA,0.5,9.6,0.9,0.7,12.3,NA,17.4,0.4,9.4,NA,1.7,0.9,0.8,9.2,8.0,NA,0.1,6.3,0.5,NA,NA,0.2,NA,NA,NA,9.7,1.6,NA,0.0,0.5,2.7,NA,NA,NA,0.0,0.4,21.4,NA,0.4,2.6,0.0,NA,NA,0.0,2.9,0.3,0.1,49.0,NA,3.1,NA,NA,8.2,NA,0.3,NA,1.1,2.2,20.4,NA,NA,NA,1.5,NA,NA,170.0,"1,279.1",2.2,NA,NA,14.0,NA,NA,NA,NA,1.9,2.7
1973,1.7,NA,8.7,NA,0.2,NA,NA,47.3,,NA,NA,63.7,2.1,NA,0.7,NA,8.1,NA,NA,1.2,0.1,0.5,0.3,NA,1.3,NA,0.2,NA,NA,0.4,NA,0.7,0.3,NA,0.7,1.9,131.3,NA,0.3,0.6,NA,16.8,138.5,10.3,NA,NA,0.5,1.5,2.5,NA,10.0,NA,NA,NA,30.7,NA,NA,2.3,3.9,10.1,1.4,0.1,NA,NA,NA,NA,0.4,3.3,40.3,0.4,0.7,0.1,NA,203.7,2.5,NA,0.1,0.1,NA,NA,2.6,NA,0.1,0.3,0.5,0.9,8.0,NA,1.2,85.5,16.3,27.1,5.1,9.5,NA,NA,0.1,1.9,432.1,0.9,NA,2.5,0.0,NA,13.9,NA,5.4,NA,NA,NA,NA,0.1,NA,NA,0.2,NA,0.1,NA,NA,1.7,0.4,7.7,NA,0.6,0.3,NA,0.5,NA,55.3,NA,NA,0.5,NA,NA,6.2,NA,NA,NA,NA,1.0,NA,0.5,12.8,1.1,0.9,15.2,NA,22.5,0.5,6.4,NA,1.9,1.3,1.0,11.0,10.1,NA,0.1,7.0,0.8,NA,NA,0.3,NA,NA,NA,14.9,1.9,NA,0.0,0.6,3.7,NA,NA,NA,0.1,0.5,29.3,NA,0.5,2.9,0.0,NA,NA,0.0,3.6,0.3,0.2,59.4,NA,3.2,NA,NA,10.8,NA,0.4,NA,1.3,2.7,25.7,NA,NA,NA,1.7,NA,NA,192.6,"1,425.4",4.0,NA,NA,17.0,NA,NA,NA,NA,2.3,3.3
1974,2.2,NA,13.2,NA,0.2,NA,NA,65.2,,NA,NA,88.8,2.6,NA,0.6,NA,12.5,0.3,NA,1.4,0.1,0.6,0.3,NA,2.1,NA,0.3,NA,NA,1.1,NA,0.8,0.3,NA,0.6,2.2,160.4,NA,0.3,0.7,NA,16.2,144.2,12.4,NA,NA,0.6,1.7,3.1,NA,11.4,NA,NA,NA,34.2,NA,NA,2.9,6.6,9.2,1.7,0.1,NA,NA,NA,NA,0.6,4.2,43.5,0.6,1.5,0.1,NA,227.7,2.9,NA,0.1,0.2,NA,NA,3.2,NA,0.1,0.4,0.6,1.0,9.4,NA,1.5,99.5,25.8,46.2,11.5,10.0,NA,NA,0.1,2.4,479.6,1.2,NA,3.0,0.1,NA,19.5,NA,13.0,NA,NA,NA,NA,0.2,NA,NA,0.2,NA,0.1,NA,NA,1.9,0.5,9.5,NA,0.5,0.4,NA,0.6,NA,72.0,NA,NA,0.6,NA,NA,7.7,NA,NA,NA,NA,1.2,NA,0.6,13.9,1.5,1.0,24.8,NA,27.1,1.6,8.9,NA,2.2,1.5,1.3,13.9,13.8,NA,0.1,7.7,2.4,NA,NA,0.3,NA,NA,NA,45.4,2.1,NA,0.0,0.6,5.2,NA,NA,NA,0.1,0.5,36.8,NA,0.6,3.6,0.0,NA,NA,0.0,4.6,0.4,0.3,66.0,NA,5.2,NA,NA,13.7,NA,0.6,NA,2.0,3.5,35.6,NA,NA,NA,2.1,NA,NA,206.2,"1,545.2",4.1,NA,NA,26.1,NA,NA,NA,NA,3.1,4.0
1975,2.4,NA,15.6,NA,0.2,NA,NA,48.5,,NA,NA,97.2,2.9,NA,0.6,NA,19.4,0.4,NA,1.6,0.1,0.7,0.3,NA,2.4,NA,0.4,NA,NA,1.2,NA,0.9,0.4,NA,NA,2.9,173.8,NA,0.4,0.9,NA,7.6,163.4,13.1,NA,NA,0.8,2.0,3.9,NA,13.0,NA,0.5,NA,40.5,NA,NA,3.6,7.7,11.6,1.9,0.1,NA,NA,NA,NA,0.7,5.0,55.0,0.7,2.2,0.1,NA,250.9,2.8,NA,0.1,0.2,NA,NA,3.6,NA,0.1,0.5,0.7,1.1,10.0,NA,1.4,98.5,30.5,51.8,13.5,12.0,NA,NA,0.1,2.9,521.5,1.4,NA,3.3,0.1,NA,21.8,NA,12.0,NA,NA,NA,NA,0.1,NA,NA,0.2,NA,0.1,NA,NA,2.3,0.6,9.3,NA,0.8,0.5,NA,0.7,NA,88.0,NA,NA,0.7,NA,NA,9.0,NA,NA,NA,NA,1.6,NA,0.8,12.9,1.6,1.0,27.8,NA,32.9,2.1,11.2,NA,2.4,1.4,1.5,16.9,14.9,NA,0.1,8.2,2.5,NA,NA,0.6,NA,NA,NA,46.8,2.8,NA,0.0,0.7,5.6,NA,NA,NA,0.1,0.7,38.1,NA,0.7,3.8,0.0,NA,NA,0.0,5.6,0.5,0.3,82.9,NA,6.8,NA,NA,14.9,NA,0.6,0.0,2.4,4.3,44.6,NA,NA,NA,2.4,NA,14.7,241.7,"1,684.9",3.5,NA,NA,27.5,NA,NA,NA,NA,2.6,4.4
1976,2.6,NA,17.7,NA,0.2,NA,NA,51.2,,NA,NA,104.9,3.1,NA,0.6,NA,10.1,0.4,NA,1.8,0.1,0.7,0.4,NA,2.7,NA,0.4,NA,NA,1.4,NA,1.0,0.4,NA,NA,2.9,206.6,NA,0.5,0.9,NA,10.3,153.9,15.3,NA,NA,0.8,2.4,4.7,NA,13.8,NA,0.6,NA,44.6,NA,NA,4.0,9.1,13.3,2.3,0.1,NA,NA,NA,NA,0.7,5.4,56.8,0.7,3.0,0.1,NA,265.7,2.8,NA,0.1,0.2,NA,NA,4.4,NA,0.1,0.5,0.9,1.3,12.9,NA,1.7,102.7,37.3,68.1,17.8,12.0,NA,NA,0.1,3.0,586.2,1.7,NA,3.5,0.0,NA,29.9,NA,13.1,NA,NA,NA,NA,0.1,NA,NA,0.3,NA,0.1,NA,NA,2.2,0.7,11.1,NA,0.9,0.5,NA,0.8,0.7,89.0,NA,NA,0.7,NA,NA,9.6,NA,NA,NA,NA,1.5,NA,0.8,13.6,1.8,1.1,36.3,NA,35.9,2.6,13.2,NA,2.6,1.5,1.7,15.9,17.1,NA,0.1,9.0,3.3,NA,NA,0.6,NA,NA,NA,64.0,2.9,NA,0.0,0.6,6.3,NA,NA,NA,0.1,0.8,36.6,NA,0.7,3.6,0.0,NA,NA,0.0,7.0,0.5,0.3,89.4,NA,7.6,NA,NA,17.0,NA,0.6,0.0,2.5,4.5,51.3,NA,NA,NA,2.4,NA,19.2,232.6,"1,873.4",3.7,NA,NA,31.4,NA,NA,NA,NA,2.7,4.3
1977,3.0,NA,21.0,NA,0.3,NA,0.1,56.8,,NA,NA,110.2,3.7,NA,0.7,NA,9.7,0.5,NA,2.1,0.1,0.8,0.4,NA,3.2,NA,0.5,NA,NA,1.7,NA,1.1,0.5,NA,NA,3.4,211.6,NA,0.5,0.9,NA,14.0,174.9,19.5,NA,NA,0.8,3.1,6.3,NA,14.2,NA,0.7,NA,49.8,NA,0.0,4.6,11.0,14.4,2.9,0.1,NA,NA,NA,NA,0.7,5.6,62.5,0.8,2.8,0.1,NA,307.0,3.2,NA,0.1,0.3,0.1,NA,5.5,NA,0.1,0.4,0.9,1.7,15.7,NA,2.2,121.5,45.8,80.6,19.8,14.3,NA,NA,0.1,3.2,721.4,2.1,NA,4.5,0.0,NA,38.4,NA,14.1,NA,NA,NA,NA,0.2,NA,NA,0.3,NA,0.1,NA,NA,2.4,0.8,13.1,NA,1.0,0.6,NA,0.8,0.8,81.8,NA,NA,0.8,NA,NA,11.0,NA,NA,NA,NA,1.4,NA,0.8,15.4,2.2,1.3,36.0,NA,41.5,2.7,15.1,NA,2.7,1.6,2.1,14.6,19.6,NA,0.1,9.9,3.6,NA,NA,0.7,NA,NA,NA,74.2,2.9,NA,0.1,0.7,6.6,NA,NA,NA,0.1,0.5,40.7,NA,0.8,4.1,0.0,NA,NA,0.0,8.7,0.6,0.3,94.5,NA,7.7,NA,NA,19.8,NA,0.8,0.0,3.1,5.1,58.7,NA,NA,NA,2.9,NA,24.9,263.1,"2,081.8",4.1,NA,NA,36.2,NA,NA,NA,NA,2.5,4.4
1978,3.3,NA,26.4,NA,0.3,NA,0.1,58.1,,NA,NA,118.3,4.5,NA,0.8,NA,13.3,0.6,NA,2.5,0.1,0.9,0.5,NA,3.8,NA,0.6,NA,NA,1.9,NA,1.5,0.6,NA,NA,4.7,218.6,NA,0.6,1.1,NA,16.0,149.5,23.3,NA,NA,0.9,3.5,7.9,NA,17.8,NA,1.0,NA,60.4,NA,0.1,4.7,11.9,14.8,3.1,NA,NA,NA,NA,NA,0.8,6.1,77.2,1.0,2.4,0.2,NA,378.6,3.7,NA,0.1,0.4,0.1,NA,6.1,NA,0.1,0.5,1.0,3.1,18.3,NA,2.5,137.3,51.5,78.0,23.8,18.6,NA,NA,0.2,2.6,"1,013.6",2.6,NA,5.3,0.0,NA,52.0,NA,15.5,NA,NA,NA,NA,0.3,NA,NA,0.4,NA,0.1,NA,NA,2.7,0.9,16.4,NA,1.2,0.8,NA,0.8,1.0,102.5,NA,NA,1.0,NA,NA,13.2,NA,NA,NA,NA,1.6,NA,0.8,18.5,2.1,1.8,36.5,NA,46.5,2.7,17.8,NA,3.2,1.9,2.6,12.5,22.7,NA,0.1,11.2,4.1,NA,NA,0.9,NA,NA,NA,80.3,3.3,NA,0.1,1.0,7.5,NA,NA,NA,0.1,0.6,46.7,NA,1.0,2.7,0.0,NA,NA,0.1,7.7,0.7,0.3,104.4,NA,9.3,NA,NA,24.0,NA,0.8,0.0,3.6,6.0,65.1,NA,NA,NA,2.4,NA,23.8,335.9,"2,351.6",4.9,NA,NA,39.3,NA,NA,NA,NA,2.8,4.4
1979,3.7,NA,33.2,NA,0.4,NA,0.1,69.3,,NA,NA,134.7,5.4,NA,1.1,NA,15.6,0.7,NA,2.9,0.2,1.2,0.5,NA,4.4,NA,0.8,NA,NA,2.8,NA,1.7,0.8,NA,NA,5.9,243.1,NA,0.7,1.0,NA,21.8,178.3,27.9,NA,NA,1.2,4.0,9.1,NA,19.6,NA,1.3,NA,70.4,NA,0.1,5.5,14.2,18.0,3.5,NA,NA,NA,NA,NA,1.0,7.5,93.6,1.2,3.0,0.2,NA,450.6,4.0,NA,0.2,0.4,0.1,NA,6.9,NA,0.1,0.5,1.1,3.5,22.5,NA,2.9,153.0,51.4,90.4,37.8,23.3,NA,NA,0.2,2.4,"1,055.0",3.3,NA,6.2,0.0,NA,66.9,NA,24.7,NA,NA,NA,NA,0.3,NA,NA,0.5,NA,0.1,NA,NA,3.5,1.1,21.2,NA,1.6,1.0,NA,1.0,1.2,134.6,NA,NA,1.2,NA,NA,15.9,NA,NA,NA,NA,1.9,NA,1.0,20.7,1.5,2.1,47.3,NA,53.1,3.7,19.7,NA,3.7,2.3,3.4,16.0,27.5,NA,0.1,12.8,5.6,NA,NA,1.1,NA,NA,NA,111.9,4.1,NA,0.1,1.1,9.3,NA,NA,NA,0.2,0.6,57.6,NA,1.3,3.4,0.1,NA,NA,0.1,9.0,0.8,0.4,123.4,NA,9.9,NA,NA,27.4,NA,0.9,0.0,4.6,7.2,89.4,NA,NA,NA,2.1,NA,31.2,439.0,"2,627.3",7.2,NA,0.1,48.3,NA,NA,NA,NA,3.3,5.2
1980,3.6,NA,42.3,NA,0.4,5.9,0.1,77.0,,NA,NA,149.8,6.0,NA,1.3,3.1,18.1,1.0,NA,3.1,0.2,1.4,0.6,0.1,4.5,NA,1.1,NA,NA,4.9,19.8,1.9,0.9,0.1,NA,6.7,273.8,NA,0.8,1.0,NA,29.0,191.1,33.4,0.2,NA,1.7,4.8,10.2,NA,19.9,NA,2.2,NA,71.1,NA,0.1,6.8,17.9,21.7,3.6,0.1,NA,NA,NA,NA,1.2,9.0,106.9,1.4,4.3,0.2,NA,485.9,4.4,NA,0.2,0.5,0.1,NA,7.9,NA,0.1,0.6,1.4,4.0,28.9,NA,3.4,186.3,72.5,94.4,52.6,27.6,NA,NA,0.2,2.7,"1,105.4",3.9,NA,7.3,0.0,NA,65.4,NA,28.6,NA,NA,NA,NA,0.4,NA,NA,0.5,NA,0.2,NA,NA,5.2,1.2,24.5,0.0,1.8,1.3,NA,1.0,1.1,205.1,NA,NA,1.4,NA,NA,21.7,NA,NA,2.4,NA,1.9,NA,1.2,23.2,2.2,2.5,64.2,NA,64.4,6.0,23.7,NA,4.6,2.5,4.4,18.1,32.5,NA,0.2,14.4,7.8,NA,NA,1.3,NA,NA,NA,164.5,4.5,NA,0.1,1.1,11.9,NA,NA,NA,0.2,0.6,83.0,NA,1.4,4.0,0.1,0.2,NA,0.1,7.5,0.8,0.5,142.1,122.7,13.1,NA,NA,32.4,NA,1.1,0.1,6.2,8.7,68.8,NA,NA,NA,1.2,NA,43.6,565.0,"2,857.3",10.2,NA,0.1,59.1,NA,NA,NA,NA,3.8,6.7
1981,3.5,NA,44.3,NA,0.4,5.6,0.1,78.7,,NA,NA,176.6,5.2,NA,1.4,3.5,20.2,1.1,NA,2.6,0.2,1.3,0.7,0.1,5.9,NA,1.1,NA,NA,4.4,19.9,1.8,1.0,0.1,NA,6.6,306.2,NA,0.7,0.9,NA,34.5,195.9,36.4,0.2,NA,2.0,2.6,8.4,NA,20.2,NA,2.1,NA,61.9,NA,0.1,7.6,21.8,22.1,3.4,0.0,NA,NA,7.3,NA,1.2,8.8,93.8,1.3,3.9,0.2,NA,409.3,4.2,NA,0.2,0.4,0.1,NA,8.6,NA,0.2,0.6,1.5,4.0,31.1,NA,3.5,193.5,85.5,100.5,37.8,26.3,NA,NA,0.2,3.0,"1,219.0",4.4,NA,6.9,0.0,NA,72.9,NA,25.1,NA,NA,NA,NA,0.4,NA,NA,0.5,NA,0.1,NA,NA,4.8,1.2,25.0,0.0,1.5,1.2,0.0,1.1,1.1,264.0,NA,NA,1.2,2.3,NA,17.8,NA,NA,2.2,NA,2.3,NA,1.0,24.4,2.4,2.2,164.5,NA,63.6,7.3,28.1,NA,5.2,2.5,5.6,21.6,35.6,NA,0.2,16.0,8.7,NA,NA,1.4,NA,NA,NA,184.3,4.1,NA,0.2,1.1,14.2,NA,NA,NA,0.2,0.7,85.5,NA,1.2,4.4,0.1,0.2,NA,0.1,10.0,0.9,0.6,129.7,112.3,15.5,NA,NA,34.8,NA,1.0,0.1,7.0,8.4,71.0,NA,NA,NA,1.3,NA,49.3,540.7,"3,207.0",11.0,NA,0.1,66.3,NA,NA,NA,NA,3.9,8.0
1982,NA,NA,45.2,NA,0.4,5.6,0.2,84.3,,NA,NA,193.8,5.2,NA,1.6,3.6,18.5,1.2,NA,2.3,0.2,1.3,0.8,0.1,5.6,NA,1.0,183.8,NA,4.3,19.3,1.8,1.0,0.1,NA,6.6,313.5,NA,0.7,0.8,NA,25.3,205.1,39.0,0.2,NA,2.2,2.6,7.6,NA,21.0,NA,2.2,NA,60.4,NA,0.1,8.3,19.9,27.7,3.4,0.0,NA,NA,7.7,NA,1.2,8.9,89.2,1.3,3.6,0.2,NA,397.1,4.0,NA,0.2,0.4,0.1,NA,8.7,NA,0.2,0.5,1.5,4.3,32.3,NA,3.2,200.7,90.2,125.9,42.4,27.3,NA,NA,0.2,3.3,"1,134.5",4.7,NA,6.4,0.0,NA,78.4,NA,21.6,NA,NA,NA,NA,0.3,NA,NA,0.5,NA,0.1,1.1,NA,4.8,1.2,26.8,0.0,1.3,1.2,0.0,1.1,1.1,184.6,NA,NA,1.1,2.6,NA,17.7,NA,NA,2.1,NA,2.4,NA,0.9,24.2,2.5,2.0,142.8,NA,62.6,7.6,30.7,NA,5.8,2.4,5.4,21.8,37.1,NA,0.2,16.8,7.6,NA,NA,1.4,0.1,NA,NA,153.2,4.0,NA,0.1,1.3,16.1,NA,NA,NA,0.2,0.8,78.4,NA,1.2,4.8,0.1,0.2,NA,0.1,9.2,0.9,0.5,114.4,115.1,16.3,NA,NA,36.6,NA,0.8,0.1,8.1,8.1,64.5,NA,NA,NA,2.2,NA,46.6,515.0,"3,343.8",9.2,NA,0.1,67.7,NA,NA,NA,NA,4.0,8.5
1983,NA,NA,48.8,NA,0.3,5.8,0.2,104.0,,NA,NA,177.0,5.2,NA,1.7,3.7,17.6,1.2,NA,2.2,0.2,1.1,0.9,0.2,5.4,NA,1.2,213.2,NA,3.8,16.6,1.6,1.1,0.1,NA,6.9,340.5,NA,0.7,0.8,NA,20.4,230.7,38.7,0.2,NA,2.1,3.1,6.8,NA,22.2,NA,2.2,NA,60.6,NA,0.1,9.2,17.2,31.0,3.5,0.0,NA,NA,8.6,NA,1.1,8.6,85.4,1.3,3.4,0.2,NA,394.1,4.1,NA,0.1,0.4,0.1,NA,9.1,NA,0.2,0.5,1.6,4.5,29.9,NA,2.8,218.3,81.1,156.4,40.7,26.4,NA,NA,0.2,3.6,"1,243.3",4.9,NA,6.0,0.0,NA,87.8,NA,20.9,NA,NA,NA,NA,0.4,NA,NA,0.5,NA,0.1,1.1,NA,4.7,1.2,30.3,0.1,1.3,1.2,0.0,1.2,1.1,156.2,0.1,NA,1.1,2.7,NA,16.3,NA,NA,2.3,NA,2.4,NA,0.8,24.3,2.7,1.8,97.1,NA,61.6,7.9,28.7,NA,5.9,2.6,5.7,17.3,33.2,NA,0.1,17.3,6.5,NA,NA,1.5,0.1,NA,NA,129.2,3.6,NA,0.1,1.0,17.8,NA,NA,NA,0.2,0.7,87.4,NA,1.0,5.2,0.1,0.2,NA,0.1,8.2,0.9,0.6,105.0,114.7,17.6,NA,NA,40.0,NA,0.8,0.1,7.8,8.4,61.7,NA,NA,NA,2.2,NA,42.8,489.6,"3,634.0",5.1,NA,0.1,67.6,NA,NA,NA,NA,3.2,7.8
1984,NA,1.9,53.7,NA,0.3,6.1,0.2,79.1,,NA,NA,193.2,4.9,NA,2.0,3.9,18.9,1.3,NA,2.1,0.2,1.1,1.0,0.2,6.2,NA,1.2,200.6,NA,3.8,17.6,1.5,1.0,0.1,NA,7.3,355.4,NA,0.6,0.9,NA,19.6,259.9,38.3,0.2,9.5,2.2,3.7,6.8,NA,24.0,NA,2.3,NA,59.1,NA,0.1,11.6,16.9,34.0,3.7,0.1,NA,NA,8.1,NA,1.2,8.9,80.9,1.4,3.6,0.2,NA,370.7,4.4,NA,0.1,0.4,0.1,NA,9.5,NA,0.1,0.4,1.8,4.9,33.5,NA,2.9,212.2,84.9,162.3,46.9,25.5,NA,NA,0.2,2.4,"1,318.4",5.0,NA,6.2,0.0,NA,97.5,NA,21.7,NA,1.8,NA,NA,0.3,NA,NA,0.5,NA,0.1,1.3,NA,3.9,1.2,33.9,0.1,1.2,1.1,0.0,1.1,1.0,184.3,NA,NA,1.0,2.1,NA,14.8,NA,NA,2.0,NA,2.6,NA,0.8,21.7,3.1,1.5,73.5,NA,62.1,8.8,31.2,NA,6.2,2.6,4.5,17.6,31.4,NA,0.1,19.2,6.7,NA,NA,1.6,0.1,NA,NA,119.6,3.5,NA,0.2,1.1,19.7,NA,NA,NA,0.2,0.8,77.3,NA,1.0,6.0,0.1,0.3,NA,0.1,9.7,0.9,0.5,109.2,109.5,17.5,NA,NA,41.8,NA,0.7,0.1,7.8,8.3,60.0,NA,NA,NA,3.6,NA,41.8,461.5,"4,037.6",4.9,NA,0.1,60.0,NA,NA,NA,NA,2.7,6.4
1985,NA,1.9,57.9,NA,0.3,7.6,0.2,88.4,,NA,NA,180.2,5.0,NA,2.3,3.7,22.3,1.4,NA,2.1,0.2,1.0,1.0,0.2,5.4,NA,1.1,218.6,NA,3.5,17.2,1.6,1.1,0.1,NA,8.5,364.8,NA,0.9,1.0,NA,17.7,309.5,34.9,0.2,6.0,2.2,3.9,7.0,NA,22.9,NA,2.4,NA,62.7,0.3,0.1,5.0,17.1,39.1,3.8,0.1,NA,NA,9.5,NA,1.1,9.4,84.3,1.5,3.3,0.2,NA,374.5,4.5,NA,0.1,0.4,0.2,NA,9.7,NA,0.1,0.5,2.0,5.3,35.7,NA,3.0,232.5,85.3,180.2,48.4,27.0,NA,NA,0.2,2.1,"1,398.9",5.0,NA,6.1,0.0,NA,101.3,NA,21.4,NA,2.4,NA,NA,0.3,NA,NA,0.5,NA,0.1,1.4,NA,3.8,1.1,31.2,0.1,1.4,1.1,0.0,1.0,1.1,195.2,NA,NA,1.1,2.2,NA,15.0,NA,NA,1.6,NA,2.6,NA,0.9,24.7,2.7,1.4,73.7,NA,65.4,10.0,31.1,NA,6.5,2.4,3.3,16.5,30.7,NA,0.1,20.3,6.2,NA,NA,1.7,0.1,NA,NA,103.9,3.8,NA,0.2,0.9,19.2,NA,NA,NA,0.2,0.9,59.1,NA,1.1,6.0,0.1,0.3,NA,0.1,12.4,0.9,0.4,114.1,111.1,16.4,NA,NA,38.9,NA,0.8,0.1,7.4,8.4,67.2,NA,NA,NA,3.5,NA,40.6,489.3,"4,339.0",4.7,NA,0.1,62.0,14.1,NA,NA,NA,2.3,5.6
1986,NA,2.1,63.7,NA,0.5,7.1,0.3,110.9,,NA,0.4,182.0,7.2,NA,2.5,3.1,21.8,1.5,NA,3.0,0.2,1.3,1.2,0.2,4.0,NA,1.4,266.3,NA,2.4,20.2,2.0,1.2,0.2,NA,11.9,377.4,NA,1.1,1.1,NA,18.9,300.8,34.9,0.3,8.0,1.8,4.4,9.2,NA,24.2,NA,3.1,NA,88.1,NA,0.1,6.1,15.3,41.3,3.8,0.1,NA,NA,9.8,NA,1.3,12.4,117.6,2.3,3.4,0.2,NA,535.0,5.7,NA,0.2,0.6,0.2,NA,7.2,2.0,0.1,0.5,2.3,5.7,41.1,NA,4.0,249.0,80.0,209.1,47.3,36.5,NA,NA,0.3,2.8,"2,079.0",6.4,NA,7.2,0.0,NA,116.8,NA,17.9,NA,1.8,NA,NA,0.3,NA,NA,0.8,NA,0.2,1.5,NA,4.3,1.2,27.7,0.1,1.9,1.4,0.1,1.2,1.5,134.6,0.1,NA,1.5,2.9,NA,19.5,NA,NA,1.8,NA,2.9,NA,1.2,30.6,2.9,1.9,54.8,NA,78.7,7.3,31.9,NA,6.8,2.6,3.7,15.2,29.9,NA,0.2,22.0,5.1,NA,NA,1.9,0.1,NA,NA,87.0,5.4,NA,0.2,0.5,18.6,NA,NA,NA,0.1,0.9,67.5,NA,1.5,6.4,0.1,0.3,NA,0.2,15.8,0.9,0.4,150.5,159.2,13.3,NA,NA,43.1,NA,1.1,0.1,4.8,9.0,75.7,NA,NA,NA,3.9,NA,33.9,601.5,"4,579.6",5.9,NA,0.1,60.4,26.3,NA,NA,NA,1.7,6.2
1987,NA,2.1,66.7,NA,0.6,8.1,0.3,111.1,,NA,0.5,189.1,9.0,NA,2.7,3.4,24.3,1.7,NA,3.7,0.3,1.6,1.3,0.2,4.3,NA,2.0,293.4,NA,2.8,28.1,2.4,1.1,0.2,NA,13.0,431.3,NA,1.2,1.2,NA,22.3,273.0,36.4,0.3,7.2,2.3,4.5,10.1,NA,25.2,NA,3.7,NA,109.4,0.4,0.2,5.8,13.9,40.5,4.0,0.1,NA,NA,10.5,NA,1.2,15.4,142.4,2.5,3.3,0.2,NA,663.8,5.1,NA,0.2,0.8,0.2,NA,7.1,2.0,0.2,0.4,2.0,6.2,50.6,NA,5.5,279.0,75.9,134.0,56.8,43.1,NA,NA,0.4,3.3,"2,532.8",6.8,NA,8.0,0.0,NA,147.9,NA,22.4,NA,1.1,NA,NA,0.4,NA,NA,1.1,NA,0.2,2.0,NA,3.2,1.2,32.2,0.1,2.1,1.8,0.1,1.3,1.9,147.5,0.1,NA,1.8,3.0,NA,21.8,NA,NA,2.3,NA,3.0,NA,1.5,40.4,3.9,2.2,52.7,NA,94.2,7.8,33.4,NA,6.8,3.1,4.0,20.7,33.2,NA,0.2,24.0,5.4,38.4,NA,2.2,0.1,NA,NA,85.7,6.5,NA,0.2,0.7,20.9,NA,NA,NA,0.2,1.0,88.6,NA,1.9,6.7,0.1,0.4,NA,0.2,20.2,1.0,0.6,183.0,199.4,11.4,NA,NA,50.5,NA,1.2,0.1,4.8,9.7,87.2,2.3,NA,NA,6.3,64.1,36.4,745.1,"4,855.2",7.4,NA,0.1,48.0,36.7,NA,NA,NA,2.3,6.7
1988,NA,2.1,59.1,NA,0.7,8.8,0.4,126.2,,NA,0.6,235.7,9.7,NA,2.8,3.7,26.6,1.8,NA,4.0,0.3,1.6,1.4,0.3,4.6,NA,2.6,330.3,NA,2.7,22.6,2.6,1.1,0.3,NA,12.2,507.4,NA,1.3,1.5,NA,26.0,312.4,39.2,0.4,9.2,2.2,4.6,10.3,NA,27.5,NA,4.3,NA,115.6,0.4,0.2,5.4,13.1,35.0,4.2,0.1,NA,NA,10.9,NA,1.1,18.3,155.3,2.7,3.8,0.3,NA,716.4,5.2,NA,0.2,0.9,0.2,NA,7.8,2.4,0.2,0.4,2.6,5.9,59.7,NA,6.1,296.6,84.3,123.1,62.7,48.0,NA,NA,0.5,3.8,"3,071.7",6.3,NA,8.4,0.0,NA,199.6,NA,20.7,NA,0.6,NA,3.3,0.5,NA,NA,1.2,NA,0.2,2.3,NA,3.2,1.4,35.3,0.2,2.2,2.0,0.1,1.4,2.1,181.6,0.1,NA,2.0,3.2,NA,25.7,NA,NA,2.5,NA,3.5,NA,2.1,45.2,2.6,2.3,49.6,NA,101.9,8.4,38.5,NA,5.9,3.7,4.3,15.4,37.9,NA,0.3,26.4,6.0,40.8,554.7,2.4,0.1,NA,NA,88.3,6.4,NA,0.3,1.1,25.4,NA,NA,NA,0.2,1.0,95.2,NA,2.3,7.0,0.2,0.4,NA,0.2,15.4,1.2,0.7,207.0,215.7,10.6,NA,5.1,61.7,NA,1.4,0.1,4.5,10.1,90.9,3.0,NA,NA,6.5,74.7,36.3,910.2,"5,236.4",8.2,NA,0.2,60.2,25.4,NA,NA,NA,3.7,7.8
1989,NA,2.3,55.6,NA,0.8,10.2,0.4,76.6,,NA,0.7,299.3,9.7,NA,3.1,3.9,28.8,2.0,NA,4.1,0.4,1.5,1.5,0.3,4.7,NA,3.1,425.6,NA,3.0,22.0,2.6,1.1,0.3,NA,11.0,565.1,NA,1.2,1.4,NA,29.9,347.8,39.5,0.3,8.8,2.4,5.3,9.8,NA,27.0,NA,4.6,NA,112.4,0.4,0.2,6.7,13.9,39.8,4.4,0.1,NA,NA,11.5,NA,1.2,20.0,156.3,2.6,4.2,0.3,NA,715.3,5.3,NA,0.2,0.9,0.3,NA,8.4,2.4,0.2,0.4,2.7,5.4,68.8,NA,5.7,296.0,94.5,120.5,65.8,49.8,NA,NA,0.5,4.4,"3,054.9",4.2,NA,8.3,0.0,NA,246.9,NA,24.3,NA,0.7,NA,2.7,0.5,NA,NA,1.1,NA,0.3,2.7,NA,3.2,1.6,38.8,0.2,2.2,2.1,0.1,1.5,2.2,221.4,0.1,NA,2.0,3.6,NA,26.3,NA,NA,2.5,NA,3.5,NA,2.2,43.9,1.0,2.2,44.0,NA,102.6,9.4,40.2,NA,5.9,3.5,4.8,22.5,42.6,NA,0.3,28.2,6.5,42.1,506.5,2.4,0.1,NA,NA,95.3,6.4,NA,0.3,0.9,30.5,NA,NA,NA,0.2,1.1,99.0,NA,2.5,7.0,0.2,0.5,NA,0.2,15.3,0.5,0.7,217.9,208.3,9.9,NA,4.4,72.3,NA,1.4,0.1,4.3,10.1,107.1,3.0,NA,NA,5.3,82.7,41.5,926.9,"5,641.6",8.4,NA,0.2,43.5,6.3,NA,NA,NA,4.0,8.3
1990,NA,2.0,62.0,NA,1.0,11.2,0.5,141.4,,2.3,0.8,310.8,12.1,NA,3.2,4.2,31.6,2.0,21.7,5.1,0.4,2.0,1.6,0.3,4.9,NA,3.8,462.0,NA,3.5,20.6,3.1,1.1,0.3,NA,12.3,593.9,NA,1.4,1.7,NA,33.1,360.9,47.8,0.4,9.3,2.8,5.7,10.8,NA,28.6,NA,5.6,NA,138.2,0.5,0.2,7.1,15.2,43.0,4.8,0.1,NA,NA,12.2,NA,1.3,23.8,193.5,3.2,6.0,0.3,7.8,905.8,5.9,NA,0.3,1.0,0.3,NA,7.7,2.7,0.2,0.4,3.1,4.9,76.9,NA,6.5,321.0,106.1,124.8,180.4,62.6,NA,NA,0.6,4.6,"3,132.8",4.2,26.9,8.6,0.0,NA,283.4,NA,18.4,2.7,0.9,NA,2.8,0.6,NA,28.9,1.4,NA,0.3,3.2,4.7,3.9,1.9,44.0,0.2,2.7,2.5,0.1,1.5,2.7,261.3,0.1,NA,2.5,2.6,NA,30.2,NA,NA,2.8,NA,3.6,NA,2.5,45.5,1.0,3.5,54.0,NA,119.8,11.7,40.0,NA,6.4,3.2,5.8,26.4,44.3,66.0,0.4,30.6,7.4,39.0,516.8,2.6,0.1,NA,NA,117.6,7.4,NA,0.4,0.6,36.1,NA,NA,NA,0.2,0.9,115.6,NA,3.2,8.0,0.2,0.6,NA,0.2,12.4,0.4,1.1,261.8,266.0,12.3,2.6,4.3,85.3,NA,1.6,0.1,5.1,12.3,150.7,3.2,NA,0.0,4.3,81.5,50.7,"1,093.2","5,963.1",9.3,13.4,0.2,48.6,6.5,NA,NA,5.6,3.3,8.8
1991,NA,1.1,45.7,NA,1.1,NA,0.5,189.7,,2.1,0.9,325.3,12.6,NA,3.1,4.6,31.0,2.0,NA,5.2,0.4,2.0,1.6,0.2,5.3,NA,3.9,602.9,NA,3.7,10.9,3.1,1.2,0.3,NA,11.8,610.3,NA,1.4,1.9,NA,37.8,383.4,49.2,0.4,9.6,2.7,7.2,10.5,NA,24.3,NA,5.8,NA,139.2,0.5,0.2,9.8,17.0,37.4,5.3,0.1,NA,NA,13.5,NA,1.4,21.5,193.5,3.3,5.4,0.7,NA,955.6,6.6,NA,0.3,1.0,0.3,NA,9.4,3.0,0.3,0.3,3.5,4.6,89.0,34.8,6.9,270.1,116.6,NA,0.4,63.2,NA,NA,0.6,4.1,"3,584.4",4.3,24.9,8.2,0.0,NA,330.6,NA,11.0,2.6,1.0,NA,4.7,0.7,NA,32.0,1.5,NA,0.4,3.8,4.9,3.3,2.2,49.1,0.2,2.7,2.8,0.1,2.1,2.9,313.1,0.2,NA,2.5,2.4,NA,32.3,3.6,NA,3.0,NA,3.9,NA,2.7,42.7,1.5,3.3,49.1,NA,121.9,11.3,45.6,NA,7.1,3.8,7.0,34.3,45.4,85.5,0.4,32.3,6.9,29.0,518.0,1.9,0.1,NA,NA,132.2,7.3,NA,0.4,0.8,45.5,NA,NA,NA,0.2,NA,123.9,NA,3.5,9.0,0.2,0.6,NA,0.3,11.4,0.4,1.2,274.2,269.1,13.0,1.4,5.0,98.2,NA,1.6,0.1,5.3,13.1,150.0,NA,NA,0.0,3.3,NA,51.6,"1,142.8","6,158.1",11.2,13.7,0.2,53.5,9.6,NA,NA,5.9,3.4,8.6
1992,NA,0.7,48.0,NA,1.2,NA,0.5,228.8,,1.3,1.0,324.9,14.2,0.4,3.1,4.8,31.7,2.0,NA,5.8,0.5,1.7,1.7,0.2,5.6,NA,4.1,400.6,NA,4.2,10.4,3.4,1.1,0.4,NA,12.1,592.4,NA,1.4,1.9,NA,46.0,426.9,58.4,0.5,8.2,2.9,8.6,11.2,NA,22.1,NA,6.9,NA,152.9,0.5,0.2,11.6,18.1,41.9,5.8,0.1,0.5,NA,10.5,NA,1.5,18.9,213.6,3.6,5.6,0.7,NA,"1,089.9",6.4,NA,0.3,1.0,0.3,NA,10.4,3.3,0.2,0.4,2.3,4.9,104.3,38.7,7.1,288.2,128.0,NA,0.6,71.0,NA,NA,0.7,3.5,"3,908.8",5.3,24.9,8.2,0.0,NA,355.5,NA,19.9,2.3,1.1,NA,5.8,0.8,NA,33.9,1.6,NA,0.4,4.9,2.4,3.7,1.8,59.2,0.3,2.8,3.0,0.1,2.2,3.2,363.2,0.2,NA,2.7,1.3,NA,33.7,2.6,NA,3.4,NA,3.4,NA,2.9,41.6,1.8,3.4,47.8,NA,130.8,12.5,48.9,NA,8.0,4.4,7.2,36.0,53.0,94.3,0.5,34.6,7.6,25.1,460.3,2.0,0.1,NA,NA,137.1,7.8,NA,0.4,0.7,52.1,NA,NA,NA,0.3,NA,134.5,NA,3.8,9.7,0.2,0.7,NA,0.3,7.0,0.4,1.3,284.3,280.2,13.3,2.2,4.6,111.5,NA,1.7,0.1,5.4,15.5,158.5,1.6,NA,0.0,2.9,71.9,54.2,"1,179.7","6,520.3",12.9,12.9,0.2,60.4,9.9,NA,NA,6.5,3.2,6.8
1993,NA,1.2,49.9,NA,1.0,NA,0.5,236.7,,1.2,1.1,311.5,13.8,1.6,3.1,5.2,33.2,2.1,NA,5.6,0.6,2.3,1.8,0.2,5.7,NA,4.2,437.8,NA,4.1,10.8,3.2,0.9,0.5,2.5,14.5,577.2,NA,1.3,1.5,NA,49.3,444.7,66.4,0.5,10.7,2.7,9.6,11.0,NA,22.4,NA,6.6,40.9,143.2,0.5,0.2,13.1,18.9,46.6,6.7,0.1,0.5,NA,8.8,NA,1.6,15.0,201.7,3.7,4.4,0.8,2.7,"1,059.0",6.0,NA,0.3,0.9,0.3,NA,11.4,3.3,0.2,0.5,1.9,4.9,120.4,40.1,6.2,279.3,158.0,63.7,1.0,66.6,NA,NA,0.5,5.4,"4,454.1",5.6,23.4,5.8,0.0,NA,392.7,NA,23.9,2.0,1.3,NA,7.9,0.8,NA,30.7,1.7,NA,0.4,5.7,2.7,4.1,2.1,66.9,0.3,2.8,2.7,0.1,1.8,3.3,500.7,0.2,NA,2.6,0.8,NA,31.7,2.7,NA,3.3,NA,3.7,NA,3.1,46.8,1.8,3.1,27.8,NA,120.6,12.5,51.8,NA,8.8,5.0,7.2,34.8,54.4,96.0,0.5,36.9,7.2,26.4,435.1,2.0,0.1,NA,NA,133.0,7.4,NA,0.5,0.8,60.6,NA,NA,NA,0.3,NA,134.3,NA,3.2,10.3,0.3,0.7,NA,0.3,8.9,0.4,1.4,213.0,272.5,13.7,1.6,4.3,128.9,NA,1.2,0.1,4.7,14.6,180.2,3.3,NA,0.0,3.2,65.6,55.6,"1,061.5","6,858.6",15.0,13.1,0.2,60.1,13.2,NA,NA,5.4,3.3,6.6
1994,NA,1.9,42.5,NA,1.0,3.4,0.6,257.4,,1.3,1.2,322.2,14.8,1.2,3.3,5.6,33.8,2.2,17.8,6.1,0.6,1.6,1.9,0.3,6.0,1.3,4.3,558.1,NA,4.1,9.7,1.9,0.9,0.4,2.8,8.3,578.1,NA,0.9,1.2,NA,57.0,564.3,81.7,0.3,5.8,1.8,10.5,8.3,NA,28.4,NA,7.4,47.9,156.2,0.5,0.3,14.6,22.7,51.9,7.7,0.1,0.5,NA,6.9,NA,1.8,17.4,212.5,3.5,4.2,0.7,2.5,"1,127.4",5.4,NA,0.3,1.0,0.3,NA,13.0,3.4,0.2,0.5,2.2,4.6,135.8,43.2,6.4,327.3,176.9,71.8,4.0,72.5,NA,NA,0.6,5.5,"4,907.0",6.2,21.3,7.1,0.1,NA,463.6,NA,24.8,1.7,1.5,NA,9.6,0.9,NA,28.6,1.9,NA,0.5,6.3,3.6,3.5,1.2,74.5,0.4,2.1,3.0,0.1,1.9,3.6,527.8,0.2,NA,2.7,0.9,NA,35.6,2.8,NA,3.7,NA,4.1,NA,3.0,55.3,3.9,1.9,33.8,NA,127.1,12.9,52.3,NA,9.4,5.5,7.9,44.9,64.1,110.8,0.5,39.7,7.4,30.1,395.1,0.8,0.2,NA,NA,135.2,5.0,NA,0.5,0.9,73.7,NA,NA,NA,0.4,NA,139.8,NA,3.2,11.7,0.3,0.7,NA,0.3,12.8,0.6,1.4,229.0,301.6,10.1,1.5,4.5,146.7,NA,1.0,0.2,4.9,15.6,130.7,2.6,NA,0.0,4.0,52.5,59.3,"1,140.4","7,287.2",17.5,12.9,0.2,58.4,16.3,NA,2.8,4.2,3.7,6.9
1995,NA,2.4,41.8,NA,1.2,5.6,0.6,258.0,,1.5,1.3,367.2,17.5,2.4,3.4,5.8,37.9,2.2,13.5,7.1,0.6,2.2,2.0,0.3,6.7,1.9,4.7,769.3,NA,4.7,19.0,2.4,1.0,0.5,3.4,10.0,604.0,NA,1.1,1.4,NA,73.4,734.5,92.5,0.4,5.6,2.1,11.6,11.0,22.5,30.4,NA,9.9,60.1,185.0,0.5,0.3,16.6,24.4,60.2,8.9,0.1,0.6,NA,7.7,NA,2.0,22.6,244.1,4.0,5.0,0.8,2.7,"1,322.0",6.5,NA,0.4,1.2,0.3,NA,14.7,3.7,0.3,0.6,2.8,5.3,144.7,46.4,7.1,360.3,202.1,96.4,12.9,87.8,0.9,100.7,0.6,6.6,"5,449.1",6.7,20.4,9.0,0.1,NA,566.6,NA,27.2,1.7,1.8,7.7,11.7,1.0,NA,25.5,2.4,1.9,0.5,7.0,4.7,3.8,1.4,88.7,0.4,2.7,3.7,0.1,2.1,4.0,360.1,0.2,1.8,3.1,1.5,NA,39.0,2.9,NA,4.0,NA,4.4,NA,3.6,63.9,4.1,2.3,44.1,NA,152.0,13.8,60.6,NA,9.6,4.6,9.1,53.3,74.1,142.3,0.6,42.6,8.1,37.4,395.5,1.3,0.2,NA,NA,143.3,6.3,16.8,0.5,0.9,87.8,NA,NA,NA,0.5,NA,155.5,NA,3.7,13.0,0.3,0.8,NA,0.3,13.8,0.7,1.7,267.3,353.1,11.4,1.2,5.3,169.3,NA,1.3,0.2,5.3,18.0,169.5,2.5,NA,0.0,5.8,48.2,65.7,"1,341.7","7,639.7",19.3,13.4,0.2,77.4,20.7,NA,3.3,4.3,3.8,7.1
1996,NA,3.2,46.9,NA,1.2,7.5,0.6,272.1,,1.6,1.4,400.3,17.2,3.2,3.6,6.1,46.4,2.4,14.8,6.9,0.6,2.4,2.7,0.3,7.4,2.8,4.8,850.4,NA,5.1,12.3,2.6,0.9,0.5,3.5,10.3,628.5,NA,1.0,1.6,NA,78.0,863.7,97.2,0.4,5.8,2.5,11.7,12.1,23.8,25.0,NA,10.0,67.4,187.6,0.5,0.3,18.2,25.2,67.6,9.6,0.2,0.7,NA,8.5,NA,2.1,22.2,244.8,4.0,5.7,0.8,3.1,"1,276.9",6.9,NA,0.4,1.2,0.4,NA,15.7,3.9,0.3,0.7,2.9,5.2,159.7,46.7,7.4,392.9,227.4,120.4,10.4,96.2,1.0,110.4,0.7,7.4,"4,833.7",6.9,21.0,12.0,0.1,NA,610.2,NA,31.5,1.8,1.9,8.5,13.7,0.9,NA,27.9,2.5,2.4,0.5,7.2,4.7,4.9,2.3,100.9,0.5,2.8,3.8,0.1,2.1,4.4,411.0,0.2,1.7,3.1,1.3,NA,43.2,3.9,NA,4.0,NA,4.5,NA,3.6,70.1,4.3,2.4,51.1,NA,163.5,15.3,63.3,NA,9.9,5.2,9.8,55.3,82.8,160.2,0.6,45.3,9.1,36.9,391.7,1.4,0.2,NA,NA,158.7,6.6,21.8,0.5,0.9,96.3,NA,NA,NA,0.5,NA,147.6,NA,3.9,13.9,0.3,0.8,NA,0.3,9.0,0.9,1.6,291.7,340.5,13.8,1.0,6.5,183.0,NA,1.5,0.2,5.8,19.6,181.5,2.4,NA,0.0,6.0,44.6,73.6,"1,415.5","8,073.1",20.5,13.9,0.3,70.5,24.7,NA,3.4,5.8,3.6,8.6
1997,NA,2.3,48.2,NA,1.2,7.6,0.7,292.9,,1.6,1.5,434.6,15.5,4.0,6.3,6.3,48.2,2.5,14.1,6.3,0.7,2.3,2.9,0.4,7.9,3.7,5.0,883.2,NA,5.2,11.3,2.4,1.0,0.5,3.4,10.0,655.0,NA,0.9,1.5,NA,85.0,961.6,106.7,0.4,6.1,2.3,12.6,11.7,23.9,25.4,NA,9.5,62.2,173.5,0.5,0.3,20.0,28.2,78.4,10.2,0.4,0.7,NA,8.6,NA,2.1,21.3,221.5,3.6,5.3,0.8,3.5,"1,131.0",6.9,NA,0.4,1.1,0.4,NA,17.8,3.8,0.3,0.7,3.3,5.7,177.4,47.3,7.6,415.9,215.7,113.9,20.8,105.2,1.2,115.0,0.6,8.4,"4,414.7",7.2,22.2,13.1,0.1,NA,569.8,NA,30.4,1.8,1.7,9.3,15.8,1.0,NA,30.7,2.3,2.9,0.5,7.3,3.9,4.3,2.7,100.0,0.5,2.7,3.8,0.1,2.1,4.2,500.4,0.2,1.9,2.8,1.2,NA,39.1,4.6,NA,4.2,NA,4.9,NA,3.3,66.1,4.4,2.3,54.5,NA,161.4,15.8,62.4,NA,10.7,4.9,10.0,58.1,82.3,159.4,0.6,48.2,11.3,35.6,404.9,1.9,0.3,NA,NA,166.0,6.0,25.7,0.6,0.9,100.1,NA,NA,NA,0.5,NA,152.6,NA,3.5,15.1,0.4,0.8,NA,0.3,11.7,0.9,1.7,268.1,295.1,14.5,0.9,7.7,150.2,NA,1.5,0.2,5.7,20.7,189.8,2.5,NA,0.0,6.3,50.2,78.8,"1,558.1","8,577.6",24.0,14.7,0.3,85.8,26.8,NA,3.8,6.8,4.3,8.5
1998,NA,2.5,48.2,NA,1.2,6.5,0.7,298.9,,1.9,1.7,398.9,15.9,4.4,6.8,6.2,50.0,2.8,15.3,6.4,0.7,2.5,3.1,0.4,8.5,4.1,4.8,863.7,NA,4.1,15.0,2.8,0.9,0.5,3.1,10.8,634.0,NA,1.0,1.7,5.9,81.6,"1,029.0",98.4,0.4,6.2,1.9,13.7,12.6,25.6,25.7,NA,10.2,66.8,177.0,0.5,0.3,21.7,28.0,84.8,10.9,0.4,0.7,NA,7.8,1.1,1.7,22.5,229.2,3.8,4.5,0.8,3.6,"1,144.8",7.5,NA,0.4,1.1,0.4,NA,19.4,3.6,0.2,0.7,3.7,6.4,168.9,48.7,8.5,421.4,95.4,110.3,20.6,114.4,1.4,116.2,0.7,8.8,"4,032.5",7.9,22.1,14.1,0.1,NA,383.3,NA,25.9,1.6,1.3,10.2,17.2,0.9,NA,27.2,2.5,3.3,0.5,6.8,3.8,4.4,1.8,72.2,0.5,2.9,4.0,0.1,2.0,4.2,526.5,0.2,1.7,2.9,1.1,NA,41.8,5.3,NA,3.9,NA,4.9,NA,3.2,56.2,4.6,2.6,54.6,NA,154.2,14.0,62.2,NA,11.6,3.8,9.3,55.5,72.2,174.7,0.6,54.1,10.3,41.7,271.0,2.0,0.3,NA,NA,146.8,6.5,19.5,0.6,0.7,85.7,NA,NA,NA,0.5,NA,137.8,NA,3.7,15.8,0.4,0.9,NA,0.4,11.3,1.1,1.6,270.8,303.9,15.2,1.3,12.3,113.7,NA,1.6,0.2,6.0,21.8,276.0,2.6,NA,0.0,6.6,41.9,75.7,"1,651.6","9,062.8",25.4,15.0,0.3,91.3,27.2,NA,4.1,6.3,3.5,6.4
1999,NA,3.2,48.6,NA,1.2,6.2,0.8,283.5,,1.8,1.7,388.6,217.3,4.6,7.7,6.6,51.3,3.0,12.2,258.2,0.7,3.7,3.3,0.4,8.3,4.7,5.5,599.4,NA,4.6,13.6,3.4,0.8,0.6,3.5,10.7,678.4,NA,1.0,1.5,6.3,75.2,"1,094.0",86.2,0.4,4.7,2.4,14.3,12.4,23.5,28.4,NA,10.5,65.2,178.0,0.5,0.3,22.1,19.6,90.7,11.3,0.6,0.7,NA,7.7,1.1,1.9,135.3,"1,493.2",3.8,4.7,0.8,2.8,"2,194.9",7.7,NA,0.4,1.1,0.5,NA,18.3,3.5,0.2,0.7,4.2,6.4,165.8,49.1,9.0,458.8,140.0,113.8,36.9,98.8,1.6,117.4,"1,252.4",8.9,"4,562.1",8.1,16.9,12.9,0.1,NA,497.5,NA,30.1,1.2,1.5,10.7,17.4,0.9,NA,36.0,2.7,3.2,22.2,6.5,3.9,4.3,1.8,79.1,0.6,3.4,4.1,0.1,2.0,4.3,600.2,0.2,1.2,2.9,1.1,NA,41.6,6.0,7.6,3.9,NA,5.0,447.0,3.1,58.8,4.9,2.5,59.4,NA,162.3,15.6,63.0,NA,12.1,3.5,8.8,50.2,83.0,170.0,127.5,57.8,12.4,36.0,195.9,2.2,0.3,1.1,NA,161.7,6.6,19.4,0.6,0.7,86.3,NA,NA,NA,0.5,NA,136.6,NA,634.9,15.7,0.4,0.9,NA,0.4,10.7,0.9,1.5,274.1,298.5,15.9,1.1,12.7,126.7,NA,1.6,0.2,6.8,22.9,256.4,2.5,NA,0.0,6.0,31.6,84.4,"1,682.3","9,630.7",24.0,17.1,0.3,98.0,28.7,NA,4.3,7.6,3.4,6.9
2000,NA,3.5,54.8,NA,1.4,9.1,0.8,284.2,,1.9,1.9,415.2,197.3,5.3,8.1,9.1,53.4,3.1,12.7,236.8,0.8,3.5,3.5,0.4,8.4,5.5,5.8,655.4,NA,6.0,13.2,3.0,0.9,0.5,3.7,10.1,744.6,NA,0.9,1.4,6.4,77.9,"1,211.3",99.9,0.4,19.1,3.2,15.0,10.7,21.6,30.6,NA,10.0,61.8,164.2,0.6,0.3,24.3,18.3,99.8,11.8,1.0,0.7,NA,8.2,1.1,1.7,126.0,"1,365.6",3.4,5.1,0.8,3.1,"1,948.0",5.0,NA,0.4,1.1,0.5,NA,19.3,3.0,0.4,0.7,6.9,7.2,171.7,47.2,9.0,468.4,165.0,109.6,48.4,100.1,1.6,132.7,"1,146.7",9.0,"4,887.5",8.5,18.3,12.7,0.1,NA,576.2,1.8,37.7,1.4,1.7,11.3,17.3,0.9,0.9,38.3,2.5,3.3,21.3,6.8,3.8,4.6,1.7,93.8,0.6,3.0,4.1,0.1,1.8,4.7,707.9,0.2,1.3,2.6,1.1,1.0,38.9,5.7,4.7,3.9,NA,5.5,417.5,2.7,52.6,5.1,2.2,69.4,NA,171.2,19.5,82.0,0.1,12.3,3.5,8.9,51.7,83.7,172.2,118.6,61.7,17.8,37.3,259.7,2.1,0.3,1.0,NA,189.5,6.0,6.9,0.6,0.6,96.1,NA,NA,NA,0.4,NA,136.4,NA,598.4,16.3,0.4,0.9,NA,0.4,12.3,0.9,1.7,262.8,279.8,19.3,0.9,13.4,126.4,0.4,1.5,0.2,8.2,21.5,274.3,2.9,NA,0.0,6.2,31.3,104.3,"1,658.1","10,252.3",22.8,13.8,0.3,117.1,31.2,NA,4.3,9.7,3.6,6.7
2001,NA,3.9,54.7,NA,1.5,8.9,0.8,268.7,,2.1,1.9,378.4,197.5,5.7,8.3,9.0,54.0,3.1,12.4,236.7,0.9,3.7,3.7,0.5,8.1,5.7,5.5,559.4,NA,5.6,14.2,3.2,0.9,0.6,4.0,10.4,739.0,NA,0.9,1.7,6.2,71.0,"1,339.4",98.2,0.4,7.4,2.8,16.0,11.2,23.1,31.7,NA,10.4,67.8,164.8,0.6,0.3,25.6,24.5,96.7,12.3,1.5,0.8,NA,8.2,1.1,1.7,129.5,"1,377.7",NA,5.0,0.7,3.2,"1,945.8",5.3,NA,136.3,1.1,0.5,NA,18.4,2.8,0.4,0.7,6.4,7.7,169.4,53.7,8.2,485.4,160.4,126.9,36.2,109.3,1.7,131.1,"1,168.0",9.2,"4,303.5",9.0,22.2,13.0,0.1,NA,547.7,2.5,34.9,1.5,1.8,11.9,17.6,0.8,0.9,34.1,2.5,3.5,21.3,6.9,3.7,5.4,1.7,92.8,0.9,3.5,4.1,0.1,1.7,4.6,756.7,0.2,1.5,2.7,1.3,1.2,39.5,5.4,4.3,3.6,NA,6.0,431.6,NA,53.9,5.3,2.4,74.0,NA,174.0,19.5,79.5,0.2,12.5,3.1,8.5,52.0,78.9,190.9,121.6,69.2,17.5,40.4,306.6,2.0,0.3,1.1,0.1,184.1,6.5,13.0,0.6,1.1,89.8,NA,NA,NA,0.4,NA,121.5,NA,627.8,15.7,0.5,0.9,NA,0.4,13.2,0.8,1.5,242.4,287.2,21.1,1.1,13.6,120.3,0.5,1.5,0.2,8.8,22.1,201.8,3.5,0.4,0.0,5.8,38.0,103.3,"1,638.8","10,581.8",20.9,11.4,0.3,122.9,32.7,NA,4.0,9.9,4.1,6.8
2002,4.1,4.3,56.8,0.5,1.8,15.3,0.8,97.7,,2.4,1.9,394.6,214.4,6.2,8.9,9.6,54.7,3.1,14.6,258.4,0.9,4.2,3.9,0.5,7.9,6.7,5.4,508.0,NA,5.8,16.4,3.6,0.8,0.6,4.3,11.6,760.1,NA,1.0,2.0,6.7,69.7,"1,470.6",98.0,0.4,8.7,3.0,16.6,12.4,26.8,33.6,NA,11.4,82.2,178.6,0.6,0.3,27.1,28.5,85.1,12.7,1.8,0.7,NA,7.9,1.3,1.8,140.4,"1,501.4",NA,5.3,0.6,3.4,"2,078.5",6.2,NA,154.6,1.2,0.5,3.4,20.4,3.0,0.4,0.7,6.1,7.9,166.3,67.6,9.3,514.9,195.7,128.6,32.9,128.6,1.9,121.4,"1,276.8",9.7,"4,115.1",9.6,24.6,13.1,0.1,NA,627.2,2.4,38.1,1.6,1.8,13.6,19.2,0.8,0.9,20.5,2.7,4.1,23.7,7.4,4.0,5.4,3.5,100.8,0.9,3.9,4.5,0.1,1.8,4.8,772.1,0.2,1.7,3.0,1.4,1.3,42.2,5.7,7.6,3.3,NA,6.1,473.9,NA,66.6,5.2,2.8,95.4,1.3,195.5,20.1,79.9,0.2,13.0,3.0,7.2,54.8,84.3,199.1,134.8,71.6,19.4,46.1,345.5,2.0,0.3,1.2,0.1,189.6,7.0,17.1,0.7,1.3,92.5,NA,NA,NA,0.3,NA,115.5,NA,708.8,16.5,0.5,0.9,NA,0.5,14.8,1.1,1.4,266.8,310.2,21.6,1.2,14.1,134.3,0.5,1.7,0.2,9.0,23.1,240.3,4.5,0.4,0.0,6.2,42.4,109.8,"1,780.0","10,936.4",13.6,9.7,0.3,92.9,35.1,3.3,3.6,10.7,4.2,6.3
2003,4.5,5.6,67.9,0.5,2.4,17.8,0.9,127.6,,2.8,2.0,466.5,262.3,7.3,8.9,11.1,60.2,3.2,17.8,318.1,1.0,5.3,4.2,0.6,8.1,8.4,7.5,558.3,NA,6.6,21.1,4.7,0.8,0.8,4.7,14.6,895.6,NA,1.1,2.7,7.3,75.6,"1,660.3",94.6,0.5,8.9,3.5,17.3,15.3,34.7,35.9,NA,14.5,100.1,218.1,0.6,0.3,21.4,32.4,80.3,13.2,2.5,0.9,NA,8.6,1.5,2.3,171.7,"1,844.5",NA,6.5,0.5,4.0,"2,501.6",7.6,NA,202.4,1.6,0.6,3.6,21.6,3.4,0.5,0.7,5.0,8.2,161.4,85.3,11.4,607.7,234.8,153.5,21.9,164.6,2.3,127.3,"1,577.6",9.4,"4,445.7",10.2,30.8,14.9,0.1,NA,702.7,2.8,47.9,1.9,2.0,16.7,20.1,1.2,0.7,26.3,3.1,5.4,29.6,8.2,4.9,6.4,3.2,110.2,1.1,4.7,5.4,0.1,2.1,5.8,729.3,0.2,2.0,3.6,1.6,1.7,52.1,6.3,9.0,4.9,NA,6.3,580.1,NA,88.2,5.3,3.4,104.9,1.2,228.9,21.6,91.8,0.2,13.7,3.5,7.7,58.7,87.0,217.8,165.2,74.8,23.5,57.8,430.3,2.1,0.3,1.5,0.1,215.8,8.8,22.5,0.7,1.4,97.6,NA,NA,NA,0.4,NA,175.3,NA,907.5,18.9,0.5,1.0,NA,0.5,17.6,1.3,2.2,334.3,363.1,21.8,1.6,15.2,152.3,0.5,2.1,0.2,11.3,27.5,314.6,6.0,0.4,0.0,6.6,50.1,124.3,"2,051.0","11,458.2",12.0,10.1,0.3,83.6,39.6,3.5,4.0,11.8,4.9,5.7
2004,5.2,7.2,85.3,0.5,2.9,23.6,0.9,164.7,,3.6,2.2,612.5,301.5,8.7,9.1,13.2,65.1,3.4,23.1,369.2,1.1,6.2,4.5,0.7,8.8,10.6,9.0,669.3,NA,7.9,26.2,5.5,0.9,0.9,5.3,17.5,"1,026.5",NA,1.3,4.4,8.6,99.2,"1,955.3",117.1,0.6,10.3,4.7,18.6,16.6,41.6,38.2,NA,17.3,119.8,251.4,0.7,0.4,22.3,36.6,78.8,13.7,4.4,1.1,NA,10.1,1.7,2.7,197.5,"2,119.6",NA,7.8,1.0,5.1,"2,814.4",8.9,NA,241.0,1.8,0.6,3.9,23.6,3.6,0.5,0.8,6.0,8.9,169.1,104.0,13.8,709.1,256.8,190.0,36.6,194.3,2.8,135.7,"1,806.5",10.2,"4,815.2",11.4,43.2,16.1,0.1,NA,793.2,3.6,59.4,2.2,2.4,20.5,21.2,1.5,0.9,33.1,3.5,6.6,34.7,10.6,5.7,5.1,3.5,124.7,1.2,5.5,6.1,0.1,2.4,6.6,782.2,0.2,2.6,4.1,2.0,2.1,59.6,7.6,8.9,6.6,NA,7.3,658.4,NA,103.9,5.8,3.8,136.4,1.2,264.5,24.8,107.8,0.2,15.0,3.9,9.6,66.8,95.0,255.1,189.4,80.3,31.7,75.0,591.0,2.4,0.4,1.7,0.1,258.7,10.1,26.1,0.8,1.4,115.0,NA,NA,NA,0.4,NA,228.6,NA,"1,069.1",20.7,0.5,1.1,NA,0.5,21.5,1.5,2.8,385.1,405.5,25.1,2.1,16.7,172.9,0.4,2.3,0.2,13.3,31.2,408.9,6.8,0.5,0.0,7.9,64.8,147.8,"2,412.1","12,213.7",13.7,12.0,0.4,112.5,45.4,3.8,4.6,13.9,6.2,5.8
2005,6.2,8.1,103.2,0.5,3.2,37.0,1.0,198.7,,4.9,2.3,693.4,316.1,13.2,9.8,16.0,69.4,3.8,30.2,385.7,1.1,6.6,4.9,0.8,9.5,11.2,9.9,891.6,NA,9.5,29.9,6.1,1.1,1.0,6.3,18.0,"1,173.5",NA,1.3,6.6,8.8,123.0,"2,286.0",145.6,0.7,12.0,6.6,20.0,17.1,45.4,42.6,NA,18.4,137.1,264.5,0.7,0.4,35.8,41.5,89.6,14.7,8.2,1.1,NA,12.4,1.7,3.0,204.9,"2,196.9",NA,9.6,1.0,6.4,"2,846.9",10.7,NA,247.9,1.8,0.7,4.2,26.8,2.9,0.6,0.8,7.0,9.8,181.6,113.0,16.9,820.4,285.9,226.5,50.0,211.8,3.0,142.7,"1,858.2",11.2,"4,755.4",12.6,57.1,18.7,0.1,NA,934.9,3.7,80.8,2.5,2.7,24.1,21.5,1.7,0.9,47.3,3.7,7.6,37.4,12.2,6.3,5.9,3.7,143.5,1.2,6.2,6.4,0.1,2.9,6.5,877.5,0.3,3.0,4.2,2.5,2.3,62.3,8.5,10.6,7.2,NA,8.1,685.3,NA,112.6,6.3,4.4,176.1,1.1,308.9,31.1,120.1,0.2,16.4,4.9,10.7,76.1,107.4,306.1,197.3,83.9,44.5,98.5,764.0,2.9,0.5,1.8,0.1,328.5,11.1,27.7,0.9,1.7,127.8,NA,NA,NA,0.5,NA,257.8,NA,"1,153.7",24.4,0.5,1.1,NA,0.6,26.5,1.8,3.2,392.2,420.6,28.9,2.3,18.4,189.3,0.5,2.3,0.3,16.0,32.3,506.3,8.1,0.6,0.0,9.2,86.1,180.6,"2,532.8","13,036.6",17.4,14.3,0.4,145.5,57.6,4.4,5.1,16.7,8.3,5.8
2006,7.0,8.9,117.0,0.5,3.5,52.4,1.2,232.6,,6.4,2.4,746.1,336.3,21.0,10.2,18.5,71.8,4.2,37.0,408.3,1.2,7.0,6.1,0.9,11.5,12.9,10.1,"1,107.6",NA,11.5,34.4,6.5,1.3,1.1,7.3,19.4,"1,319.3",4.2,1.5,7.4,9.7,154.8,"2,752.1",161.6,0.7,14.5,8.1,22.7,17.8,50.4,52.7,NA,20.1,156.3,282.9,0.8,0.4,37.9,46.8,107.4,16.0,10.1,1.2,NA,15.3,2.0,3.1,217.1,"2,320.5",NA,10.3,1.1,7.7,"2,994.7",20.4,NA,273.5,2.0,0.7,4.2,29.7,4.2,0.6,2.4,7.4,10.9,193.5,115.6,17.5,940.3,364.6,266.3,65.1,232.2,3.4,154.2,"1,949.6",11.9,"4,530.4",15.1,81.0,25.8,0.1,NA,"1,053.2",3.8,101.5,2.8,3.5,30.6,22.0,1.8,1.1,55.0,4.0,8.7,42.4,14.9,6.9,6.4,4.0,162.7,1.6,6.9,6.8,0.1,3.9,7.0,975.4,0.3,3.4,4.6,3.4,2.7,68.6,9.2,14.6,8.0,NA,9.0,734.0,NA,112.8,6.8,4.8,236.1,1.0,345.6,37.2,137.3,0.2,18.1,8.4,13.4,88.6,127.7,344.6,208.8,87.3,60.9,122.0,989.9,3.3,0.5,1.9,0.1,376.9,11.7,32.5,1.0,1.9,148.6,NA,NA,NA,0.5,NA,271.6,NA,"1,260.4",28.3,0.6,1.3,NA,0.6,35.8,2.6,3.3,423.1,443.8,33.3,2.8,18.6,221.8,0.5,2.4,0.3,18.4,34.4,557.1,10.3,0.7,0.0,10.0,107.6,222.1,"2,706.1","13,814.6",19.6,17.3,0.4,183.5,66.4,4.5,5.3,19.1,12.8,5.4
2007,9.7,10.7,135.0,0.5,4.0,65.3,1.3,287.5,,9.2,2.6,853.1,389.2,33.1,10.6,21.7,79.6,4.7,45.3,470.9,1.3,8.2,6.8,1.2,13.1,15.8,10.9,"1,397.1",NA,12.2,44.4,7.6,1.4,1.5,8.6,22.4,"1,468.9",4.5,1.7,8.7,11.5,173.6,"3,550.3",206.2,0.8,16.7,8.8,26.9,20.4,60.1,58.6,NA,24.0,190.2,319.4,0.8,0.4,44.0,51.0,130.4,17.0,13.1,1.3,NA,19.7,2.3,3.4,256.4,"2,660.6",NA,12.5,1.3,10.2,"3,425.6",24.8,NA,318.9,2.2,0.8,4.4,33.6,6.3,0.7,2.7,9.3,12.4,211.6,140.0,21.7,"1,216.7",432.2,349.9,88.8,270.2,4.5,179.1,"2,213.1",12.8,"4,515.3",17.1,104.8,32.0,0.1,NA,"1,172.6",4.7,114.6,3.8,4.2,44.1,24.8,1.7,1.4,67.5,4.6,11.5,51.0,18.4,8.3,8.5,4.4,193.5,1.9,8.2,7.9,0.1,4.3,8.2,"1,052.7",0.3,4.4,5.9,4.2,3.7,79.0,10.5,25.4,8.8,NA,10.3,848.6,NA,141.7,7.4,5.7,275.6,0.9,400.9,42.1,152.4,0.2,21.3,9.5,17.9,102.2,156.0,429.0,240.5,89.5,79.7,174.6,"1,299.7",4.1,0.6,2.2,0.1,416.0,14.0,43.2,1.0,2.2,180.9,NA,NA,48.1,0.6,NA,299.4,NA,"1,474.0",32.4,0.7,1.3,NA,0.7,45.9,2.9,3.5,491.3,493.6,40.4,3.7,21.8,262.9,0.5,2.7,0.3,21.6,38.9,681.3,12.7,0.8,0.0,11.9,142.6,257.9,"3,093.6","14,451.9",23.4,22.3,0.5,230.4,77.4,4.8,5.8,21.7,14.1,5.3
2008,10.1,12.9,171.0,0.6,4.1,88.5,1.4,361.6,,11.7,2.7,"1,054.0",432.1,48.9,10.5,25.7,91.6,4.8,60.8,517.3,1.4,9.8,7.0,1.2,16.7,19.1,10.9,"1,695.8",NA,14.4,54.4,9.5,1.6,1.8,10.4,26.5,"1,552.9",4.6,2.0,10.4,NA,179.6,"4,594.3",242.2,0.9,19.8,11.6,30.8,24.3,70.2,60.8,NA,27.8,236.8,353.4,1.0,0.5,48.1,61.8,162.8,18.0,19.7,1.4,NA,27.1,2.4,3.5,285.7,"2,930.3",NA,15.6,1.6,12.8,"3,745.3",28.7,NA,355.9,2.5,0.8,4.7,38.5,7.0,0.9,3.0,10.4,13.9,219.3,158.1,18.1,"1,198.9",510.2,412.3,131.6,275.9,5.9,216.3,"2,408.7",13.7,"5,037.9",22.7,133.4,35.9,0.1,NA,"1,047.3",5.7,147.4,5.1,5.4,50.9,29.1,1.8,1.7,87.1,5.1,13.9,56.1,21.0,9.9,10.7,5.3,230.8,2.3,9.8,9.1,0.2,5.2,10.0,"1,110.0",0.3,6.1,6.5,5.6,4.5,92.5,12.6,31.8,8.6,NA,12.5,951.9,NA,120.2,8.5,7.3,337.0,0.9,462.3,60.9,170.1,0.2,25.2,11.7,24.6,120.6,181.0,533.6,263.4,93.6,115.3,214.3,"1,660.8",5.2,0.6,2.4,0.2,519.8,16.9,52.2,1.0,2.5,193.6,NA,NA,55.8,0.7,NA,286.8,14.6,"1,631.9",40.7,0.8,1.4,NA,0.7,54.5,3.5,3.3,517.7,570.3,NA,5.2,27.9,291.4,0.6,3.3,0.3,27.9,44.9,770.5,19.3,0.9,0.0,14.4,179.8,315.5,"2,921.6","14,712.8",30.4,29.5,0.6,316.0,99.1,4.3,7.3,26.9,17.9,4.4
2009,12.4,12.0,137.2,0.7,3.7,70.3,1.2,333.0,,8.6,2.5,927.8,401.8,44.3,10.0,22.9,102.5,4.5,50.9,483.3,1.3,9.7,6.7,1.2,17.3,17.6,10.3,"1,667.0",NA,10.7,52.0,9.5,1.8,1.7,10.4,26.1,"1,376.5",4.3,2.1,9.3,NA,172.4,"5,101.7",232.4,0.9,18.6,9.7,30.7,24.4,62.6,62.1,NA,25.9,207.4,321.2,1.0,0.5,48.3,62.5,189.1,17.6,15.0,1.9,NA,32.4,2.3,2.9,253.5,"2,700.9",NA,12.1,1.5,10.8,"3,411.3",26.0,NA,331.3,2.5,0.8,4.8,37.1,6.7,0.8,3.2,11.3,14.6,214.0,130.8,13.2,"1,341.9",539.6,416.4,111.7,236.8,5.5,207.5,"2,199.9",12.1,"5,231.4",24.5,115.3,37.0,0.1,NA,943.9,5.7,106.0,4.7,5.8,37.4,35.4,1.7,1.8,63.0,4.5,10.8,51.6,21.6,9.4,9.6,6.2,202.3,2.3,10.2,8.7,0.1,4.7,9.1,900.0,0.3,5.4,5.5,4.6,4.2,92.9,11.9,42.2,8.9,NA,12.9,871.5,NA,131.0,8.3,7.4,291.9,0.8,386.2,48.4,168.2,0.2,27.1,11.6,22.4,120.8,176.1,439.7,244.7,96.4,97.8,174.1,"1,222.6",5.7,0.6,2.1,0.2,429.1,16.1,45.2,0.8,2.5,194.2,NA,89.4,50.6,0.7,NA,295.9,12.2,"1,491.5",42.1,0.7,1.4,NA,0.7,50.0,3.9,3.6,436.5,558.2,NA,5.0,29.1,281.7,0.7,3.4,0.3,19.2,43.5,649.3,20.2,0.7,0.0,25.0,117.1,253.5,"2,412.3","14,448.9",31.7,33.7,0.6,329.8,106.0,4.2,8.1,25.1,15.3,9.7
2010,15.9,11.9,161.2,0.6,3.4,83.8,1.1,423.6,,9.3,2.4,"1,146.1",392.3,52.9,10.1,25.7,115.3,4.5,57.2,481.4,1.4,9.5,6.6,1.5,19.6,17.2,12.8,"2,208.9",NA,13.7,50.4,10.1,2.0,1.7,11.2,26.2,"1,617.3",4.2,2.1,10.7,NA,218.5,"6,087.2",286.6,0.9,21.6,13.1,37.7,24.9,59.9,64.3,NA,25.7,209.1,322.0,1.1,0.5,53.9,69.6,219.0,18.4,16.3,1.6,1.3,29.9,2.3,3.1,249.4,"2,645.2",NA,14.4,1.5,12.2,"3,399.7",32.2,NA,297.1,2.5,0.8,4.9,40.7,6.9,0.8,3.4,11.7,15.8,228.6,131.9,13.8,"1,675.6",755.1,486.8,138.5,222.3,5.9,234.0,"2,136.1",13.2,"5,700.1",27.1,148.0,40.0,0.2,NA,"1,144.1",5.8,115.4,4.8,7.1,34.0,38.4,2.2,2.0,74.8,5.1,10.8,53.3,28.2,9.4,10.0,7.0,255.0,2.6,10.7,9.0,0.2,5.6,10.0,"1,057.8",0.3,7.0,5.4,7.2,4.1,93.2,11.1,51.5,11.4,0.0,16.0,847.4,NA,148.9,8.8,7.9,361.5,0.8,428.8,56.9,177.2,0.2,29.4,14.3,27.2,147.5,208.4,479.8,238.1,98.4,125.1,166.3,"1,524.9",6.1,0.7,1.9,0.2,528.2,16.1,41.8,1.0,2.6,239.8,NA,90.4,48.2,0.8,NA,375.3,14.6,"1,422.1",56.7,0.8,1.5,NA,0.7,65.6,4.4,4.4,495.8,603.4,NA,5.6,32.0,341.1,0.9,3.4,0.4,22.2,44.1,777.0,22.6,0.7,0.0,26.6,136.0,289.8,"2,481.6","14,992.1",40.3,46.7,0.7,393.2,115.9,4.3,9.7,30.9,20.3,12.0
2011,17.8,12.9,200.0,0.6,3.6,111.8,1.1,530.2,,10.1,2.5,"1,396.6",431.7,66.0,10.1,28.8,128.6,4.7,61.8,523.3,1.5,10.7,6.3,1.8,24.0,18.6,15.4,"2,616.2",NA,18.5,57.4,12.1,2.2,1.9,12.8,29.4,"1,793.3",4.2,2.4,12.2,NA,252.3,"7,551.5",334.9,1.0,25.8,15.6,42.8,25.4,62.5,69.0,3.0,27.6,229.6,344.0,1.2,0.5,58.0,79.3,236.0,20.3,21.4,2.1,23.4,32.0,2.5,3.8,275.6,"2,865.2",NA,18.2,1.4,15.1,"3,749.3",39.3,NA,283.0,2.7,0.8,5.0,46.9,6.8,1.1,3.7,13.0,17.7,248.5,141.8,15.2,"1,823.0",893.0,580.8,185.7,238.0,6.6,261.0,"2,295.0",14.4,"6,157.5",29.5,192.6,42.0,0.2,NA,"1,253.2",6.7,154.1,6.2,8.7,40.7,39.9,2.6,2.4,34.7,5.7,12.6,60.1,36.8,10.5,11.6,8.0,298.0,2.8,13.0,9.6,0.2,6.8,11.5,"1,180.5",0.3,8.4,6.1,10.4,4.5,101.4,14.4,54.1,12.5,0.1,21.6,905.3,NA,171.7,9.8,8.8,405.0,0.7,498.3,67.9,213.6,0.2,34.7,18.0,33.8,171.8,234.2,528.3,245.1,100.4,167.8,183.3,"2,045.9",6.9,0.7,1.8,0.2,671.2,17.8,49.3,1.1,2.9,279.4,0.9,99.3,51.6,1.0,NA,416.4,14.9,"1,480.7",65.3,0.8,1.6,NA,0.7,57.9,4.4,4.8,574.1,722.0,NA,6.5,34.7,370.8,1.1,3.9,0.4,25.4,45.8,838.8,29.2,0.7,0.0,27.8,163.2,350.7,"2,659.9","15,542.6",48.0,56.5,0.8,316.5,135.5,4.2,11.2,32.7,23.5,14.1
2012,20.0,12.3,209.1,0.6,3.2,128.1,1.2,546.0,,10.6,2.5,"1,546.2",409.4,69.7,10.7,30.7,133.4,4.6,65.7,496.2,1.5,11.1,6.4,1.8,27.1,17.2,14.4,"2,465.2",NA,19.0,54.0,12.6,2.3,1.7,14.1,29.1,"1,828.4",4.3,2.5,12.4,NA,267.1,"8,532.2",370.9,1.0,29.3,17.7,47.2,26.8,56.6,73.1,3.1,25.0,208.9,327.1,1.4,0.5,60.7,87.9,279.1,21.4,22.4,NA,23.2,43.3,2.4,4.0,258.3,"2,683.7",NA,17.2,1.4,16.5,"3,527.1",41.3,NA,242.0,2.6,0.8,5.3,49.6,7.6,1.0,4.1,13.7,18.5,262.6,128.5,14.8,"1,827.6",917.9,598.9,218.0,225.0,6.7,257.2,"2,087.0",14.8,"6,203.2",31.6,208.0,50.4,0.2,NA,"1,278.4",6.5,174.1,6.6,10.2,40.3,44.0,2.5,2.7,81.9,5.5,12.4,56.7,43.2,9.7,11.6,6.0,314.4,2.9,12.4,9.5,0.2,6.7,11.7,"1,201.1",0.3,8.7,5.7,12.3,4.1,98.3,16.4,53.3,13.0,0.1,21.7,838.9,NA,177.1,10.5,9.4,455.5,0.7,509.5,76.5,224.4,0.2,40.4,21.3,33.3,192.6,261.9,498.5,216.2,101.6,186.8,170.6,"2,208.3",7.7,0.8,1.6,0.3,736.0,17.7,43.3,1.1,3.8,295.1,1.0,94.5,46.6,1.2,NA,396.3,11.9,"1,324.7",68.4,0.8,1.6,NA,0.7,48.2,5.0,4.9,552.5,692.1,NA,7.6,39.7,397.6,1.1,3.9,0.5,25.8,45.0,880.6,35.2,0.7,0.0,27.2,175.8,374.6,"2,704.0","16,197.0",51.3,63.6,0.7,381.3,155.8,4.1,12.2,35.4,25.5,17.1
2013,20.6,12.8,209.8,0.6,3.2,136.7,1.2,552.0,,11.1,2.7,"1,576.2",430.2,74.2,10.6,32.5,150.0,4.7,75.5,521.8,1.6,12.5,6.5,1.8,30.7,18.2,14.9,"2,472.8",NA,18.1,55.6,13.4,2.5,1.9,15.2,32.4,"1,846.6",4.4,1.7,13.0,NA,278.4,"9,570.4",382.1,1.1,32.7,18.0,50.9,31.3,58.2,77.1,3.1,23.9,211.7,343.6,2.0,0.5,62.7,95.1,288.4,22.0,21.9,NA,25.3,47.6,2.6,4.2,271.4,"2,811.9",NA,17.6,1.4,17.2,"3,733.8",62.8,NA,238.6,2.7,0.8,5.4,53.0,8.4,1.0,4.2,14.5,18.5,275.7,135.4,16.1,"1,856.7",912.5,460.3,234.6,238.6,7.0,292.7,"2,141.9",14.3,"5,155.7",34.5,236.6,55.1,0.2,NA,"1,370.8",7.1,174.2,7.3,11.9,43.3,46.9,2.4,3.1,65.5,6.4,13.5,61.8,51.5,10.8,12.4,5.5,323.3,3.3,13.2,10.6,0.2,7.2,12.1,"1,274.4",0.3,9.5,6.6,12.6,4.5,106.8,17.0,58.2,12.0,0.1,22.2,877.2,NA,191.0,11.0,10.2,508.7,0.8,522.8,78.6,231.2,0.2,45.6,21.3,38.7,201.2,283.9,521.0,226.4,102.5,198.7,190.8,"2,292.5",7.8,0.8,1.7,0.3,746.6,18.9,48.4,1.3,4.9,307.6,1.0,98.9,48.4,1.3,3.9,366.8,18.4,"1,355.1",74.3,0.8,1.7,NA,0.7,51.2,5.1,4.6,586.8,712.7,NA,8.4,45.7,420.3,1.4,4.3,0.5,27.3,46.3,957.8,39.2,0.8,0.0,28.8,183.3,390.1,"2,783.3","16,784.8",57.5,69.0,0.8,371.0,171.2,3.8,13.5,40.4,28.0,19.1
2014,20.5,13.2,213.8,0.6,3.3,145.7,1.2,526.3,,11.6,2.8,"1,467.5",442.6,75.2,11.1,33.4,172.9,4.7,78.8,535.4,1.7,13.3,6.4,1.9,33.0,18.6,16.3,"2,456.0",NA,17.1,56.9,13.9,2.7,1.9,16.7,35.0,"1,805.7",4.6,1.9,13.9,NA,260.5,"10,475.7",381.1,1.1,35.9,17.9,52.0,35.4,57.6,80.7,3.2,23.2,209.4,353.0,2.2,0.5,67.2,101.7,305.6,22.6,21.8,NA,26.8,55.6,2.9,4.9,274.9,"2,856.0",NA,18.2,1.2,17.6,"3,889.1",51.7,NA,235.6,2.8,0.9,5.6,57.9,8.8,1.1,4.1,14.8,19.8,291.5,140.8,17.9,"2,039.1",890.8,432.7,228.4,259.3,7.7,310.0,"2,162.0",13.9,"4,850.4",36.8,221.4,61.4,0.2,NA,"1,484.3",7.4,162.6,7.5,13.3,31.4,48.1,2.4,3.1,41.1,6.7,14.1,66.2,54.9,11.4,12.5,6.0,338.1,3.7,14.4,11.6,0.2,6.6,12.8,"1,315.4",0.3,9.5,7.1,12.2,4.6,110.1,17.7,59.6,12.4,0.1,22.7,892.2,NA,195.9,11.9,10.9,546.7,0.8,498.4,80.7,244.4,0.2,49.9,23.2,40.4,200.8,297.5,542.5,229.9,102.4,206.2,200.0,"2,059.2",8.2,0.8,1.7,0.3,756.4,19.8,47.1,1.3,5.0,314.9,1.2,101.3,50.0,1.3,4.0,350.9,14.0,"1,371.2",79.4,0.9,1.8,NA,0.7,61.7,5.2,4.4,582.0,734.4,NA,9.1,50.0,407.3,1.4,4.6,0.4,27.6,47.6,939.0,43.5,0.8,0.0,32.5,133.5,403.1,"3,065.5","17,527.2",57.2,76.7,0.8,482.4,186.2,3.6,14.0,43.2,27.1,19.5
2015,19.9,11.4,166.0,0.7,2.8,116.2,1.3,594.7,,10.6,3.0,"1,351.7",382.0,53.1,11.7,31.1,195.1,4.7,56.5,462.3,1.7,11.4,6.7,2.0,33.0,16.2,14.4,"1,802.2",NA,12.9,50.6,11.8,3.1,1.6,18.0,30.9,"1,556.5",4.7,1.7,11.0,NA,243.9,"11,061.6",293.5,1.0,37.9,11.9,56.4,45.8,49.5,87.1,3.2,19.8,188.0,302.7,2.4,0.5,71.2,99.3,329.4,23.4,13.2,NA,23.1,64.6,2.5,4.7,234.5,"2,439.2",NA,14.4,1.4,15.0,"3,357.6",47.5,NA,195.4,2.5,1.0,5.8,62.2,8.8,1.0,4.3,14.9,21.0,309.4,125.1,17.5,"2,103.6",860.9,385.0,166.8,291.6,7.1,300.1,"1,836.6",14.2,"4,389.5",38.6,184.4,64.0,0.2,NA,"1,465.8",6.4,114.6,6.7,14.4,27.3,49.9,2.4,3.2,27.8,6.3,41.4,57.8,45.1,10.1,11.3,6.4,301.4,4.1,13.1,11.1,0.2,6.2,11.7,"1,171.9",0.3,7.7,6.3,11.7,4.1,101.2,16.0,60.3,11.3,0.1,24.4,765.6,NA,172.7,12.8,9.7,486.8,0.9,385.8,68.4,270.6,0.3,54.1,21.7,36.2,189.8,306.4,477.8,199.4,103.4,161.7,177.7,"1,363.5",8.5,0.8,1.4,0.3,654.3,17.8,39.7,1.4,4.2,308.0,1.3,88.5,43.1,1.3,4.0,317.6,12.0,"1,195.6",80.6,0.9,1.8,NA,0.8,64.5,5.1,4.1,505.1,702.1,NA,8.3,47.4,401.3,1.6,4.2,0.4,25.0,43.2,864.3,35.8,0.9,0.0,32.2,91.0,358.1,"2,932.8","18,238.3",53.3,81.8,0.7,NA,193.2,3.7,14.0,42.4,21.3,20.0
2016,18.0,11.9,160.0,0.7,2.9,101.1,1.4,557.5,,10.5,3.0,"1,208.8",395.8,37.9,11.9,32.2,221.4,4.8,47.7,476.1,1.8,11.8,6.9,2.2,33.9,16.9,15.6,"1,795.7",NA,11.4,53.8,12.8,3.0,1.7,20.0,32.6,"1,528.0",4.9,1.8,10.1,NA,250.4,"11,233.3",282.8,1.0,37.1,10.2,58.8,48.0,51.6,91.4,3.1,21.0,196.3,313.1,2.6,0.6,75.7,99.9,332.4,24.2,11.2,NA,24.3,74.3,2.7,4.9,240.8,"2,473.0",NA,14.0,1.5,15.1,"3,469.9",54.5,NA,192.9,2.7,1.1,5.9,66.1,8.6,1.2,4.5,13.7,21.7,320.8,128.5,20.8,"2,294.8",931.9,418.0,166.6,299.8,6.8,318.6,"1,877.1",14.1,"4,922.5",39.9,137.3,69.2,0.2,NA,"1,500.1",6.7,109.4,6.8,15.8,28.1,51.2,2.1,3.3,26.2,6.2,43.0,60.7,45.1,10.7,11.8,5.4,301.3,4.4,14.0,11.7,0.2,6.4,12.2,"1,078.5",0.3,8.1,6.5,11.2,4.4,103.3,11.9,61.4,10.7,0.1,24.5,784.1,NA,192.4,13.3,10.4,404.7,1.2,368.8,65.4,278.7,0.3,57.9,20.8,36.1,191.9,318.6,472.6,206.4,104.3,151.7,188.1,"1,276.8",8.7,0.8,1.5,0.3,644.9,19.0,40.7,1.4,3.7,318.8,1.3,89.7,44.8,1.4,4.2,296.4,NA,"1,232.9",82.4,1.0,1.9,NA,0.8,52.8,3.3,3.8,515.7,695.6,NA,7.0,49.8,413.4,1.7,6.0,0.4,22.4,41.8,869.7,36.2,1.0,0.0,29.1,93.4,357.0,"2,693.2","18,745.1",57.2,81.8,0.8,NA,205.3,3.9,15.4,30.9,21.0,20.5
2017,18.9,13.0,170.1,0.6,3.0,122.1,1.5,643.6,,11.5,3.1,"1,329.2",417.2,40.9,12.5,35.5,249.7,5.0,54.7,502.8,1.9,12.7,7.1,2.5,37.5,18.1,17.4,"2,063.5",NA,12.1,59.0,14.1,3.2,1.8,22.2,35.0,"1,649.3",5.2,2.1,10.0,NA,277.0,"12,310.4",311.9,1.1,38.0,11.1,60.5,51.6,55.5,96.9,3.1,22.7,218.6,332.1,2.8,0.5,80.0,104.3,235.7,25.0,12.2,NA,27.0,81.8,2.9,5.4,255.6,"2,595.2",NA,14.9,1.5,16.2,"3,682.6",58.8,NA,200.1,2.8,1.1,6.0,71.7,10.3,1.4,4.7,14.2,23.1,341.2,143.0,24.7,"2,651.5","1,015.6",445.3,190.6,339.3,7.0,352.7,"1,961.8",14.8,"4,866.9",41.4,166.8,79.0,0.2,NA,"1,623.9",7.2,120.7,7.7,16.9,30.5,53.1,2.3,3.3,37.9,6.5,47.8,64.2,50.5,11.3,13.2,8.8,319.1,4.8,15.4,13.2,0.2,6.8,13.3,"1,158.9",0.4,9.7,6.4,11.4,4.9,109.7,13.2,67.1,12.9,0.1,29.0,833.9,NA,208.1,13.8,11.2,375.7,1.6,398.4,70.6,304.6,0.3,62.2,22.7,39.0,211.0,328.5,526.5,221.4,103.4,161.1,211.7,"1,574.2",9.3,0.8,1.5,0.4,688.6,21.0,44.2,1.5,3.7,343.3,1.2,95.4,48.6,1.5,4.5,349.6,NA,"1,312.5",87.4,1.0,2.0,NA,0.8,45.0,3.6,4.4,541.0,704.5,NA,7.5,53.3,456.4,1.6,6.4,0.5,22.4,39.8,859.0,37.9,1.0,0.0,30.7,112.2,385.6,"2,662.6","19,543.0",64.2,59.2,0.9,NA,223.8,3.9,16.1,26.7,25.9,19.0
2018,18.4,15.1,175.4,0.6,3.2,101.4,1.6,517.6,,12.5,3.2,"1,432.9",455.1,47.1,13.0,37.7,274.0,5.1,60.0,543.7,1.9,14.3,7.2,2.4,40.3,20.2,18.7,"1,916.9",NA,13.6,66.2,16.1,3.0,2.0,24.6,38.7,"1,721.8",5.5,2.2,11.2,NA,297.6,"13,894.8",334.2,1.2,46.8,13.6,62.3,58.0,61.4,100.1,3.1,25.3,249.0,356.9,3.0,0.6,85.6,107.6,249.7,26.0,13.1,NA,30.6,84.3,3.1,5.6,276.0,"2,787.9",NA,16.9,1.7,17.6,"3,963.8",65.3,NA,212.2,3.1,1.2,6.1,73.2,11.9,1.5,4.8,16.0,24.1,361.7,160.4,26.2,"2,701.1","1,042.3",294.4,212.3,386.2,7.5,370.5,"2,092.1",15.7,"4,954.8",42.9,179.3,87.8,0.2,NA,"1,724.8",7.9,138.2,8.3,18.0,34.4,55.0,2.5,3.3,52.6,6.8,53.7,70.9,55.3,12.7,13.6,9.7,358.7,5.3,17.1,14.9,0.2,7.1,14.2,"1,222.3",0.4,11.5,7.2,13.1,5.5,118.1,14.8,68.7,13.7,0.1,33.1,914.0,NA,208.9,13.0,12.8,397.2,1.3,437.0,79.8,314.6,0.3,64.9,24.1,40.2,222.6,346.8,587.4,242.3,100.9,183.3,241.5,"1,657.3",9.6,0.8,1.7,0.4,786.5,23.1,50.6,1.6,4.1,376.0,1.2,105.5,54.2,1.6,4.7,368.3,NA,"1,422.2",88.0,1.0,2.1,NA,0.8,34.5,4.0,4.7,555.5,735.9,NA,7.8,57.0,506.6,1.6,7.1,0.5,23.7,39.8,778.4,40.8,1.1,0.0,32.9,130.9,422.2,"2,857.5","20,611.9",64.5,50.4,0.9,NA,245.2,4.0,16.3,23.5,26.3,19.5
2019,19.3,15.3,171.2,0.6,3.2,89.4,1.7,445.4,,13.7,NA,"1,396.6",445.1,48.2,13.6,38.5,302.6,5.2,64.4,533.3,2.0,14.4,7.5,2.5,40.9,20.2,18.4,"1,877.8",NA,13.5,68.6,16.0,3.0,2.0,27.1,39.0,"1,741.6",5.9,2.2,11.3,NA,279.4,"14,279.9",323.4,1.2,50.4,12.7,64.0,58.5,60.8,103.1,3.1,24.9,250.7,350.1,3.3,0.6,88.9,108.1,303.1,26.9,11.4,NA,31.5,95.9,3.1,5.5,269.0,"2,715.5",NA,16.9,1.8,17.5,"3,861.1",67.2,NA,205.3,NA,1.2,6.3,77.0,13.5,1.4,5.2,14.3,25.1,363.0,163.5,24.8,"2,870.5","1,119.1",258.2,222.4,398.6,NA,394.7,"2,004.9",15.8,"5,064.9",44.5,181.7,95.5,0.2,NA,"1,646.7",8.0,136.2,8.9,18.2,34.1,52.0,2.4,3.1,52.1,NA,54.6,71.1,55.2,12.5,14.2,10.9,364.7,5.6,17.3,15.2,0.2,7.6,14.0,"1,268.9",0.4,12.0,7.4,14.0,5.5,119.7,15.3,79.8,12.6,0.1,34.2,907.1,NA,209.1,12.6,12.9,448.1,1.2,405.5,76.3,278.2,0.3,66.8,24.8,37.9,228.5,376.8,595.9,239.5,104.9,175.8,249.7,"1,687.4",10.4,0.9,1.6,0.4,793.0,23.3,51.5,1.6,4.1,374.4,NA,105.1,54.2,1.6,4.9,351.4,NA,"1,393.5",84.0,1.0,2.1,NA,0.8,32.3,4.2,4.5,531.3,731.5,NA,8.3,61.1,544.3,2.0,7.2,0.5,23.2,39.2,761.4,45.2,1.2,0.0,35.2,153.9,421.1,"2,830.8","21,433.2",61.2,57.7,0.9,NA,261.9,NA,17.1,NA,23.3,16.9
2020,19.8,14.8,145.2,NA,NA,62.3,1.4,383.1,,12.6,NA,"1,330.9",429.0,42.6,11.3,NA,324.2,4.4,60.3,515.3,1.8,15.7,NA,2.4,36.7,19.8,15.8,"1,444.7",NA,12.0,69.1,17.4,3.3,1.7,25.3,39.8,"1,643.4",NA,2.3,10.1,NA,252.9,"14,722.7",271.3,1.2,49.9,10.9,61.5,61.3,56.0,NA,NA,23.8,243.5,355.2,3.4,0.5,78.8,98.8,363.1,24.6,10.0,NA,31.0,107.6,NA,4.4,271.2,"2,603.0",NA,15.6,1.9,15.9,"3,806.1",72.4,NA,189.4,NA,1.1,NA,77.6,15.7,1.4,5.5,13.4,23.8,346.6,155.0,21.7,"2,623.0","1,058.4",191.7,167.2,418.6,NA,402.0,"1,886.4",13.8,NA,43.7,169.8,98.8,0.2,NA,"1,630.5",7.6,NA,7.7,19.1,33.5,33.4,1.8,3.0,25.4,NA,55.9,73.3,NA,12.3,13.7,12.0,336.7,4.0,17.4,14.6,NA,7.8,10.9,"1,076.2",NA,11.9,NA,13.1,4.8,112.9,14.0,76.2,10.7,NA,33.7,912.2,NA,212.5,12.6,13.7,432.3,NA,362.0,NA,263.7,NA,52.9,23.6,35.3,202.0,361.5,594.2,231.3,103.1,146.4,248.7,"1,483.5",10.3,0.8,NA,0.5,700.1,24.9,53.0,1.1,3.9,340.0,NA,104.6,52.9,1.6,4.9,301.9,NA,"1,281.2",80.7,0.9,1.7,NA,0.8,26.1,3.8,4.0,537.6,748.0,NA,8.2,62.4,501.8,1.8,7.6,NA,21.5,39.2,720.1,NA,0.9,0.0,37.4,155.6,NA,"2,707.7","20,936.6",53.6,57.7,0.9,NA,271.2,NA,15.6,NA,19.3,16.8
